scenario,layer,mode,avg_final_global,avg_final_survived,avg_last50_global,avg_last50_survived,avg_max_pop,avg_steps_alive,total_moves,std_final_global,std_final_survived,std_last50_global,std_last50_survived,std_moves,n_extinctions,extinction_rate,avg_movement_frequency,std_movement_frequency,avg_harvested_food,std_harvested_food,avg_reproduction_events,std_reproduction_events,avg_action_entropy,std_action_entropy,avg_policy_confidence,std_policy_confidence,avg_reward,std_reward
S1,0,Random,0.0,nan,0.0,nan,107.86666666666666,12.823333333333334,179.50333333333333,0.0,nan,0.0,nan,14.930496351200102,300,1.0,0.4990862313871592,0.0306342703800592,2.3317696781084565,0.04190969041870829,173.96,15.368333859554493,1.603706121963735,0.004248898620259975,0.003561361656813838,0.002639989146169656,0.04924555896347132,0.021174530172322018
S1,0,Rule-Fixed/Evo,0.0,nan,0.0,nan,137.06333333333333,10.266666666666667,206.03,0.0,nan,0.0,nan,11.734340593483708,300,1.0,0.47034443252054264,0.027223138050938518,2.376436141220725,0.03271415293581426,205.83666666666667,9.79983561848804,1.5411022967521433,0.023159139574627684,0.04245930529783951,0.014389582472058208,nan,nan
S1,0,Rule-Fixed/Fix,0.0,nan,0.0,nan,137.84333333333333,10.236666666666666,206.46666666666667,0.0,nan,0.0,nan,11.66027855049524,300,1.0,0.471676401219994,0.026297350708510445,2.3790733654224927,0.03183693919377192,206.98,9.938923853107012,1.542247100525142,0.021792375914488446,0.04174799872045981,0.013540364462727139,nan,nan
S1,0,Rule-Fixed/Learn,0.0,nan,0.0,nan,137.64333333333335,10.22,206.72666666666666,0.0,nan,0.0,nan,11.91715924639349,300,1.0,0.4723033736981855,0.02689765710650394,2.3799075435752988,0.03208396215735214,207.19,9.93829961970878,1.5430891658896106,0.021712578833128222,0.04122479409233267,0.013490783748402136,-0.056652023140389765,0.011305712957239722
S1,0,Rule-Random/Evo,0.0,nan,0.0,nan,139.25666666666666,11.343333333333334,186.96333333333334,0.0,nan,0.0,nan,17.17864006464007,300,1.0,0.4281923569898106,0.03801824934908533,2.3692982928467026,0.03678230643032058,218.48666666666668,17.06244155824866,1.470786081335295,0.04723742387667592,0.08614922640234646,0.029350261673179084,0.10721740530612399,0.019875409352483595
S1,0,Rule-Random/Fix,0.0,nan,0.0,nan,138.9,11.393333333333333,186.86666666666667,0.0,nan,0.0,nan,16.6665774802519,300,1.0,0.4293946959646013,0.03863928099353359,2.3686673908112175,0.036664558148944676,218.40333333333334,16.926774882276693,1.4706910179108124,0.04689267405855622,0.08620829262897639,0.029136056567498233,nan,nan
S1,0,Rule-Random/Learn,0.0,nan,0.0,nan,138.98,11.36,186.76333333333332,0.0,nan,0.0,nan,16.515139164646712,300,1.0,0.4290619816138146,0.038184605687963134,2.36815764281297,0.03713232928958379,218.78333333333333,16.915777664719695,1.470414239277661,0.0469111050049759,0.08638026486289307,0.029147508358385782,-0.0549611916678739,0.01207416085667805
S1,0,Rule-Random/Random,0.0,nan,0.0,nan,130.17333333333335,11.883333333333333,201.05333333333334,0.0,nan,0.0,nan,14.996002440189724,300,1.0,0.4554577718406968,0.03518917288148737,2.343997727045839,0.031789837499930085,193.81666666666666,14.363288938097936,1.4969811954363361,0.038354770263181424,0.06987328689659462,0.023831158671522776,0.08786936282521535,0.018338107980099598
S1,1,MLP-EvoTop5/Evo,0.0,nan,0.0,nan,150.02666666666667,11.84,186.25,0.0,nan,0.0,nan,18.722605405692274,300,1.0,0.43047228875582494,0.04342812478967545,2.4207539136643033,0.035366947212824795,265.14666666666665,16.504742063748175,1.483863606284202,0.04624020020557366,0.07802370329401563,0.02873065176875346,nan,nan
S1,1,MLP-EvoTop5/Fix,0.0,nan,0.0,nan,150.09333333333333,11.77,186.57333333333332,0.0,nan,0.0,nan,18.332436179528273,300,1.0,0.4312393820317602,0.041725555615565485,2.425133000562536,0.03505837988596375,265.08666666666664,17.001843955342853,1.4855035159033374,0.043038602440231714,0.07700477015812651,0.026741387230738524,nan,nan
S1,1,MLP-EvoTop5/Learn,0.0,nan,0.0,nan,140.63666666666666,10.39,192.45333333333335,0.0,nan,0.0,nan,11.726302748210873,300,1.0,0.4419207884075814,0.0293447604883939,2.3748436652623446,0.03586246244998273,222.51666666666668,11.104387133061053,1.4980009123650633,0.03110739396916009,0.06923970114541478,0.01932811059614815,-0.05673594670858067,0.013029592889078586
S1,1,MLP-Random/Evo,0.0,nan,0.0,nan,119.86,12.376666666666667,207.54,0.0,nan,0.0,nan,19.830090982171615,300,1.0,0.5688372569244031,0.048253500112992356,2.4043017795091477,0.049720080599399946,206.03,25.25381060023964,1.5506971939414476,0.03567476135769218,0.03649766048061693,0.022165975513611443,0.06469680573490269,0.026612619486822985
S1,1,MLP-Random/Fix,0.0,nan,0.0,nan,117.06,12.49,208.62333333333333,0.0,nan,0.0,nan,20.752437634685084,300,1.0,0.5738697927237001,0.04845537973606427,2.3992681665013698,0.05050026702100236,202.13,26.93109813622056,1.5526968649072008,0.03593089583720208,0.035255195051969765,0.022325120813676186,0.05884212707713985,0.0270605931076393
S1,1,MLP-Random/Learn,0.0,nan,0.0,nan,111.37333333333333,12.333333333333334,217.76666666666668,0.0,nan,0.0,nan,16.662262517323676,300,1.0,0.5958537309719045,0.03144589717413968,2.386279511762235,0.04162717260000427,179.08,16.412948636462122,1.569806483180668,0.017064841431435787,0.024624391501685317,0.01060298213407131,-0.14502761512633341,0.013573463198444565
S1,1,MLP-Random/Random,0.0,nan,0.0,nan,104.19,13.45,216.48666666666668,0.0,nan,0.0,nan,19.613228989473765,300,1.0,0.6061322031934355,0.0365953570779665,2.324882326361099,0.04399261120357234,149.00666666666666,19.839151409550237,1.5676516593599512,0.020615062222359634,0.025963258819317738,0.01280885833687215,0.01786263334633931,0.021171257748250922
S1,2,MLP-EvoTop5/Evo,0.0,nan,0.0,nan,152.35333333333332,11.52,191.97666666666666,0.0,nan,0.0,nan,18.900446515461876,300,1.0,0.4442050603249866,0.04168866643471367,2.433747826372678,0.03498702148969173,264.53333333333336,16.19557174154943,1.507401800422571,0.03717748939374499,0.06339860097940075,0.023099672939553208,nan,nan
S1,2,MLP-EvoTop5/Fix,0.0,nan,0.0,nan,152.47666666666666,11.566666666666666,189.38666666666666,0.0,nan,0.0,nan,19.30386713875204,300,1.0,0.44053611530220405,0.04304137207342261,2.436354742724163,0.035437214431445756,266.43,16.52357492881288,1.5023012784614722,0.041838236459614125,0.06656773345832002,0.02599555791272391,nan,nan
S1,2,MLP-EvoTop5/Learn,0.0,nan,0.0,nan,140.96333333333334,10.473333333333333,192.21333333333334,0.0,nan,0.0,nan,12.00645682847925,300,1.0,0.44228600860164247,0.027810834244253645,2.384007179307178,0.03288875988622766,224.64333333333335,11.595010555759872,1.4995743132739159,0.027798789628045353,0.0682620921946765,0.017272359134377975,-0.053619820719291174,0.011899248050875938
S1,2,MLP-Random/Evo,0.0,nan,0.0,nan,120.48666666666666,12.06,207.88,0.0,nan,0.0,nan,20.990815000406034,300,1.0,0.5706984872730584,0.04778036965632757,2.406457854385626,0.05160513986624421,211.52,28.74655017836385,1.5526843079785968,0.03578444836069192,0.0352629971103823,0.02223412788044232,0.06196520361823266,0.033345191987537694
S1,2,MLP-Random/Fix,0.0,nan,0.0,nan,121.01333333333334,12.553333333333333,211.56666666666666,0.0,nan,0.0,nan,18.990550956752823,300,1.0,0.5798684676876822,0.04562543108725045,2.4125731656991016,0.04887945740117931,212.97333333333333,26.021716340264714,1.5584684669991018,0.031138015361944014,0.03166909704389455,0.019347136737229674,0.06325474760105591,0.03016597548134895
S1,2,MLP-Random/Learn,0.0,nan,0.0,nan,111.43,12.28,220.11333333333334,0.0,nan,0.0,nan,15.480719118859184,300,1.0,0.5984622345630999,0.02855098754856294,2.3882977559047927,0.04181230679134217,179.38,16.506883129029887,1.572973436298046,0.015298857582804776,0.02265665289374559,0.009505714675048824,-0.14413357973963992,0.014263175493529517
S1,2,MLP-Random/Random,0.0,nan,0.0,nan,102.48666666666666,13.51,217.43666666666667,0.0,nan,0.0,nan,20.368330446376753,300,1.0,0.6146439422135127,0.041087653238071196,2.313433008924941,0.046741227351950694,141.69,20.070791936623,1.5721631482008323,0.021759197095877945,0.023160113195602624,0.01351974930363702,0.009175050739663581,0.02579384935031857
S1,3,MLP-EvoTop5/Evo,0.0,nan,0.0,nan,137.74333333333334,12.276666666666667,227.29,0.0,nan,0.0,nan,19.981912389520552,300,1.0,0.5120717707137064,0.04408099100927763,2.4106232694605296,0.03274727586823806,238.26333333333332,18.916485764215864,1.564913787985768,0.02675912354984933,0.02766439395042858,0.0166263782797182,nan,nan
S1,3,MLP-EvoTop5/Fix,0.0,nan,0.0,nan,140.12333333333333,12.343333333333334,220.24333333333334,0.0,nan,0.0,nan,19.642731783757856,300,1.0,0.49988977842083443,0.04285120038628417,2.417127251968762,0.033034061751760574,243.20666666666668,17.983008206900582,1.5575685331738323,0.028207102338204885,0.03222825736832637,0.01752605808542481,nan,nan
S1,3,MLP-EvoTop5/Learn,0.0,nan,0.0,nan,138.86,10.393333333333333,205.34333333333333,0.0,nan,0.0,nan,12.262681875436115,300,1.0,0.46879284009895683,0.029857254656841116,2.3796091070065115,0.03223615278827206,218.81,10.97003672216364,1.529920668940746,0.026156079796032232,0.04940684128230399,0.016251686128403674,-0.05675273385442389,0.011160691952560082
S1,3,MLP-Random/Evo,0.0,nan,0.0,nan,122.40333333333334,12.236666666666666,209.65333333333334,0.0,nan,0.0,nan,21.832284604664853,300,1.0,0.5759173070226821,0.050972131844859436,2.426842693198388,0.050822175452062475,222.79,26.305623977446523,1.55472351304391,0.036223563679115944,0.03399596776457226,0.022506965568079438,0.07123993400569652,0.03030591041445953
S1,3,MLP-Random/Fix,0.0,nan,0.0,nan,122.92666666666666,12.086666666666666,208.98333333333332,0.0,nan,0.0,nan,21.370823472087814,300,1.0,0.5746914304619173,0.0513236948208372,2.4266174002770615,0.04911302505659324,224.33,27.533398994687687,1.5515619524836264,0.038539560948896635,0.03596035578840237,0.023945975580138862,0.07012473506171768,0.029242960407392347
S1,3,MLP-Random/Learn,0.0,nan,0.0,nan,111.74333333333334,12.363333333333333,220.89666666666668,0.0,nan,0.0,nan,15.286975752179194,300,1.0,0.6002190191179341,0.02898997195789426,2.3913876127791682,0.03833037102958618,179.66333333333333,15.27441262894977,1.5741350705050703,0.015241385121685743,0.02193488897974211,0.009470005027180454,-0.14291827094102663,0.013306958109461413
S1,3,MLP-Random/Random,0.0,nan,0.0,nan,102.86333333333333,13.38,217.92333333333335,0.0,nan,0.0,nan,20.375672151062425,300,1.0,0.6183174169741189,0.040403509807311576,2.297855900464295,0.04865984923290397,135.55333333333334,22.807332232583605,1.5721041434300516,0.021322081429973813,0.023196774920994253,0.013248154069967497,-0.0006271130156686383,0.025863024911747464
S2,0,Random,0.0,nan,0.0,nan,183.57,30.586666666666666,426.59,0.0,nan,0.0,nan,536.917264635386,300,1.0,0.3115573137980699,0.03028941644726265,1.5022447976959803,0.04308299850107747,522.1766666666666,573.4765120051802,1.607329011660611,0.0016214120596080837,0.0013103337240887474,0.001007439955950758,0.008559870978951134,0.018124657797533004
S2,0,Rule-Fixed/Evo,2.5,30.0,3.135133333333333,36.3008,203.54,408.05333333333334,7318.96,8.95006586175576,11.772142257606868,10.331212650587592,7.5487205979998135,12188.662827540938,275,0.9166666666666666,0.4186370657065984,0.20840874089851033,1.566322585793762,0.14913107247945734,5538.323333333334,8942.07328836199,1.3637793934664038,0.17163558867030854,0.15263621980680478,0.10664318725456662,nan,nan
S2,0,Rule-Fixed/Fix,8.876666666666667,39.161764705882355,8.560066666666668,37.440588235294115,203.30666666666667,519.3666666666667,9913.746666666666,18.123917259014238,16.191586440685743,15.737668634278823,1.8452390391223887,16069.06599033772,232,0.7733333333333333,0.4097516920054789,0.21919363220784352,1.5421933527138563,0.13143875197824184,6414.883333333333,10108.656151058029,1.3427455963679589,0.1575223085669305,0.16570525275050732,0.09787411328511274,nan,nan
S2,0,Rule-Fixed/Learn,0.21,63.0,0.2634666666666666,40.22,203.59333333333333,205.63333333333333,3486.43,3.6373066958946425,nan,3.2219026736309173,nan,6948.406670306019,299,0.9966666666666667,0.37179148119878536,0.17849145070788572,1.538636558853634,0.14179906143465232,3203.79,6517.755877972839,1.3353373773099722,0.15671346459826221,0.17030823805410478,0.0973715502707713,-0.008783922367559335,0.05306603631282089
S2,0,Rule-Random/Evo,12.696666666666667,39.2680412371134,12.253200000000001,37.519793814432994,206.18,1318.3866666666668,24643.5,20.660611278879077,16.58972791111863,17.632714856312212,2.863353940814514,12109.517650002377,203,0.6766666666666666,0.7181377828649702,0.08994976955374034,1.7512886325637722,0.06540163971467479,16111.423333333334,8048.388136106527,1.5701287318321855,0.07977071069892647,0.02442416715688262,0.04956432931189121,0.1417613125217063,0.03252790274285983
S2,0,Rule-Random/Fix,32.123333333333335,34.66546762589928,31.17873333333333,33.64611510791367,205.23333333333332,1876.4233333333334,44305.13333333333,15.052687475097777,12.495470441303505,9.345647444098608,3.3106573367146845,12620.691050183008,22,0.07333333333333333,0.7905971128727627,0.1363120785929334,1.6644000291886973,0.12469973808838539,10162.553333333333,5946.137869719127,1.4937939339788788,0.09761860691909345,0.07185364378568819,0.060653850741875404,nan,nan
S2,0,Rule-Random/Learn,16.61,37.1865671641791,16.51573333333333,36.017014925373125,205.30333333333334,1556.82,32683.21,22.059464330649188,17.973735186323587,18.16938821265858,4.889661647019346,14997.423911654058,166,0.5533333333333333,0.742942612219749,0.13462975541662714,1.716162531205122,0.09653423754435528,13944.82,7846.232243716798,1.5266936952897119,0.1080763332225125,0.05141187274459492,0.06715160143025262,0.05513600375633417,0.030851009131439504
S2,0,Rule-Random/Random,35.49666666666667,36.22108843537415,35.3472,36.06857142857143,195.19333333333333,1964.79,39497.793333333335,15.342575979318447,14.624845526059223,5.296432461200039,1.587137720345878,5171.1867217295685,6,0.02,0.748829739743622,0.05872784920987963,1.703790582514339,0.03162107604021953,19246.443333333333,2495.273443663251,1.582084761277101,0.04669051982231481,0.016995468384133298,0.029010451078352227,0.11184399601719659,0.011367048111007007
S2,1,MLP-EvoTop5/Evo,6.613333333333333,32.0,6.708266666666667,31.821290322580648,171.59666666666666,998.3966666666666,16316.393333333333,15.631537740392657,19.28730152198591,14.44113998532693,13.736280485868882,12025.887062392263,238,0.7933333333333333,0.6917082137386592,0.06374759694711633,1.8454166750637429,0.09597381162453845,14072.13,9076.576315907612,1.5810994516416088,0.033745377360217065,0.01760767568202296,0.020967181833799874,nan,nan
S2,1,MLP-EvoTop5/Fix,8.583333333333334,32.59493670886076,8.482866666666666,31.6420253164557,170.96666666666667,1070.23,15494.736666666666,18.652509462618315,23.259141565029793,16.249339655702222,16.195203023540948,10843.575344021014,221,0.7366666666666667,0.6811918957429597,0.055584469663855926,1.901272145702889,0.05516280380656366,18236.81,12892.086348426476,1.588935414620426,0.026638562434247566,0.012738918137367893,0.01655146944684534,nan,nan
S2,1,MLP-EvoTop5/Learn,14.396666666666667,35.113821138211385,16.118,37.98341463414634,196.93333333333334,1208.6466666666668,22324.596666666668,20.573044404652613,17.432400233535613,18.755502202720518,1.6805340823914192,15668.65870240431,177,0.59,0.6337677954773098,0.19049647300867456,1.6985567153666985,0.130103116589419,16381.49,11442.345038342808,1.511515720446201,0.1175005524603011,0.060842478750735056,0.07300719807363942,0.05330316575956569,0.05200213448562058
S2,1,MLP-Random/Evo,0.03666666666666667,1.0,0.03666666666666667,1.0,195.17,112.70666666666666,656.3433333333334,0.18825609351281192,0.0,0.18825609351281192,0.0,1028.6347766829394,289,0.9633333333333334,0.40972740189452767,0.10014040728780739,1.5766895453845464,0.1468610916726244,540.2066666666667,580.4872050899422,1.423359772385121,0.07323774504791056,0.11561684897030679,0.045505169526637045,0.011338534219248695,0.02021475984314923
S2,1,MLP-Random/Fix,0.12,3.0,0.16419999999999998,4.1049999999999995,195.85666666666665,130.27,852.6666666666666,1.3995699291646964,6.619530332144556,2.1593842086426207,10.445074089123194,2892.0702001098507,288,0.96,0.40636588644550636,0.10796866438933887,1.583500816673062,0.1734272671082958,578.6466666666666,1062.333876915522,1.4100431383842962,0.07993756195687582,0.12389093888576364,0.04966799982733035,0.011651869197593912,0.01940668774704493
S2,1,MLP-Random/Learn,0.0,nan,0.0,nan,191.69,51.32,867.5766666666667,0.0,nan,0.0,nan,2640.5945573253275,300,1.0,0.39847641249695515,0.04376472932640062,1.5425408884501124,0.04971061199436967,725.91,1794.9780619018804,1.436228830489843,0.037770330211426784,0.10762085359496557,0.023468025650211787,-0.061201657643818234,0.01668745520141659
S2,1,MLP-Random/Random,0.16333333333333333,1.0425531914893618,0.16333333333333333,1.0425531914893618,169.33666666666667,469.38666666666666,2654.11,0.38793108146781025,0.20402970888857874,0.38793108146781025,0.20402970888857874,3476.592318886287,253,0.8433333333333334,0.5240877240415769,0.10474506731655434,1.6826074046911057,0.20601462800020462,1356.2366666666667,1854.81351747399,1.5009025803317817,0.058123871922770284,0.06743679346919994,0.03611439215748573,0.011875951571821274,0.025315463454823307
S2,2,MLP-EvoTop5/Evo,4.263333333333334,29.74418604651163,4.511133333333333,30.23720930232558,151.71,980.42,15713.933333333332,13.154624130279002,21.353145216366354,12.13770531649437,14.743396637394332,10885.940897919614,257,0.8566666666666667,0.6780515795708124,0.06001280904214363,1.8286282934043208,0.07802753853772869,13735.963333333333,8325.771878123016,1.583838481517857,0.029644270435385218,0.015905820733107305,0.01841902083103751,nan,nan
S2,2,MLP-EvoTop5/Fix,22.436666666666667,34.6958762886598,22.643200000000004,34.94567010309279,150.99,1620.0066666666667,25302.31333333333,22.78779499846051,19.414894221239578,19.737834653681077,13.130660035517039,10485.739723085342,106,0.35333333333333333,0.7198977650912453,0.03220361391948971,1.891802395537674,0.03912534443008793,27144.613333333335,11416.43285301705,1.5813028193634349,0.01359752688359274,0.01748131621189046,0.00844861847638966,nan,nan
S2,2,MLP-EvoTop5/Learn,17.96,36.16107382550336,18.922333333333334,37.81489932885906,194.63333333333333,1252.8266666666666,23554.99,21.385419969946113,16.16555694281951,18.962676487090878,1.6335422534635884,16430.94323958228,151,0.5033333333333333,0.6361337171735958,0.19911225417341016,1.693817003664788,0.12950955105687886,16589.923333333332,11467.515481065802,1.4990889822778937,0.12157734743290188,0.0685636452973298,0.07554025321115329,0.0525765636731233,0.05084447486000826
S2,2,MLP-Random/Evo,0.03333333333333333,1.0,0.03333333333333333,1.0,199.35,97.04333333333334,496.64666666666665,0.17980541941701306,0.0,0.17980541941701306,0.0,512.2131615827055,290,0.9666666666666667,0.3926290504518715,0.09530509229656077,1.5749344481645375,0.15595981650816623,483.7366666666667,323.77065769590416,1.416085805007395,0.07651373423436832,0.12013641901493494,0.04754065605342277,0.012920561084178167,0.021219268294777858
S2,2,MLP-Random/Fix,0.07666666666666666,5.75,0.16846666666666665,12.635,200.57666666666665,55.626666666666665,603.7266666666667,0.8832076433999477,5.852349955359813,2.3189327601382415,18.053611827000157,2634.4935502248136,296,0.9866666666666667,0.3755627429925566,0.0717265078705963,1.55105391393404,0.09049787290303173,498.17,555.0422212088147,1.4064135615046287,0.07567929115387455,0.12614612179877085,0.04702218741661046,0.011273226471547663,0.01910594247916229
S2,2,MLP-Random/Learn,0.0,nan,0.0,nan,190.92,29.643333333333334,558.59,0.0,nan,0.0,nan,840.1287896371946,300,1.0,0.3987915107495284,0.03685917338986678,1.540072837759262,0.04491714583410678,521.0233333333333,677.8796887084268,1.4391227759596557,0.03607518638432255,0.10582274417586048,0.022414773571328858,-0.06126558211220322,0.014880403190933488
S2,2,MLP-Random/Random,0.12666666666666668,1.0555555555555556,0.12666666666666668,1.0555555555555556,168.00333333333333,345.7133333333333,1750.4633333333334,0.3526614844734142,0.2323106841457232,0.3526614844734142,0.2323106841457232,2290.266088874475,264,0.88,0.5256120512743785,0.09824019483257639,1.6510610279761655,0.19611749005715332,815.27,1083.8969997746103,1.503615628777416,0.055315125892027,0.06575108169077458,0.034369220126279285,0.001102684231758184,0.02380986410338998
S2,3,MLP-EvoTop5/Evo,2.89,22.23076923076923,2.729,20.369743589743592,132.58333333333334,852.39,12907.123333333333,11.387573171772592,24.06401718493658,9.44004139849774,17.85009383539828,9343.707942881229,261,0.87,0.6984053242362971,0.059785168672682285,1.8660395214715686,0.15111446452749644,10951.903333333334,7282.54350578843,1.5763673981037118,0.038723223316487504,0.0205478658573245,0.024060091425287,nan,nan
S2,3,MLP-EvoTop5/Fix,26.55666666666667,34.047008547008545,28.23006666666667,35.94641025641025,129.23666666666668,1767.96,28881.42,20.547199653502464,16.901441504155247,17.88154696145362,11.534870808516441,9987.397870868908,66,0.22,0.7466161313629268,0.028985913948219172,1.8965835205712274,0.0513411478381961,29209.013333333332,10348.203465806095,1.5601526014102227,0.011724384213528671,0.030622685499771183,0.007284769498064586,nan,nan
S2,3,MLP-EvoTop5/Learn,21.563333333333333,37.83040935672515,21.503266666666665,37.72502923976609,190.08,1336.4733333333334,24809.353333333333,23.14125568339446,17.968613464356157,18.750960983058516,1.6833036055779633,16159.303814450503,129,0.43,0.6409595782878409,0.1834751056559416,1.6991437314923723,0.11901821075089387,17618.986666666668,11440.15213576523,1.5221779439033434,0.0967807769940694,0.05421766683673153,0.0601332777402385,0.05386406782595008,0.05011577720392633
S2,3,MLP-Random/Evo,0.0,nan,0.0,nan,203.87,27.073333333333334,357.75,0.0,nan,0.0,nan,242.45463148341628,300,1.0,0.3614622935029574,0.04401063038904476,1.543216854256548,0.039138308009755374,437.35333333333335,115.48766090638276,1.4075792703632726,0.0697601067318472,0.1254218261613697,0.04334439135110382,0.010860195356890815,0.012638593237964459
S2,3,MLP-Random/Fix,0.0,nan,0.0,nan,203.58333333333334,22.503333333333334,336.3566666666667,0.0,nan,0.0,nan,99.84862852144876,300,1.0,0.3558015954700447,0.04478553775310856,1.5435340205273953,0.03131279952913421,442.47333333333336,120.17610804720489,1.398098967595174,0.08316974251281933,0.13131226946139168,0.05167626652154237,0.012057927798937034,0.012250013597446593
S2,3,MLP-Random/Learn,0.0,nan,0.0,nan,190.28333333333333,25.83,495.0,0.0,nan,0.0,nan,936.9014254106218,300,1.0,0.393502163422747,0.02894677965533232,1.5335006952634944,0.0356921746549278,478.08,821.4462490430458,1.4360912936729404,0.03084379639167204,0.10770631002409532,0.01916432821258954,-0.06339518956717226,0.012010787463396656
S2,3,MLP-Random/Random,0.06333333333333334,1.0,0.06333333333333334,1.0,165.44,198.93,1021.25,0.2439684903901178,0.0,0.2439684903901178,0.0,1124.4196842167878,281,0.9366666666666666,0.5217233492823032,0.08959963545127653,1.6069352213752575,0.16251411121970816,463.7866666666667,476.079524380121,1.5086251493003153,0.05672390087664205,0.06263849158450396,0.03524454123915429,-0.010959787957380935,0.020149411356199683
S3,0,Random,0.13333333333333333,40.0,0.1632,48.96,193.88,129.86666666666667,1666.4833333333333,2.3094010767585034,nan,2.8267069179524076,nan,3575.0884625099084,299,0.9966666666666667,0.2965717351096841,0.04884644283557186,1.4118916658220735,0.06539033195185456,1879.9333333333334,3839.4480445124645,1.6079888338827177,0.0013424302215982971,0.0009003631268950215,0.0008340987938876243,0.011165897555499717,0.026021393309519924
S3,0,Rule-Fixed/Evo,18.166666666666668,46.58119658119658,17.592666666666666,44.578290598290586,208.99,1162.6866666666667,24097.466666666667,26.211237771369102,20.877821641322758,21.938380585127103,4.611939955832464,17336.724747544715,183,0.61,0.6069831733694383,0.18173347034460557,1.5929102600392062,0.11936174597597028,18449.916666666668,13016.60781642222,1.5150602784244522,0.1577045068788898,0.058640121051275716,0.09798731946135085,nan,nan
S3,0,Rule-Fixed/Fix,29.60333333333333,44.405,29.11853333333334,43.677800000000005,209.19,1442.6866666666667,31894.42,25.598899737713218,18.000864719597953,20.67711417689867,1.8101120651612186,18874.9482259433,100,0.3333333333333333,0.6254453435045819,0.20534948092608282,1.5600459389360495,0.11204647680586254,20665.81,12114.245552720373,1.4892939180493365,0.16495670737414125,0.07464966088878763,0.10249336498148111,nan,nan
S3,0,Rule-Fixed/Learn,5.053333333333334,50.53333333333333,5.0826,47.666000000000004,209.10666666666665,939.3333333333334,17916.233333333334,17.04343719422623,24.848136450395458,14.549964839456878,1.6096017926911255,12518.487915794058,270,0.9,0.588954617106296,0.17213401865366654,1.6161316791272218,0.13419938241751075,17256.663333333334,12957.178052606416,1.5211391898348503,0.16210064896704446,0.05486308102790238,0.1007187961180092,0.06854545279430593,0.052769206935269465
S3,0,Rule-Random/Evo,22.37,44.151315789473685,22.9116,44.50092105263158,210.77333333333334,1523.4733333333334,32531.706666666665,26.07693338660622,19.454058589616356,22.425408101863322,4.3145319446042825,13215.330949101115,148,0.49333333333333335,0.7159725675939942,0.03614279898008418,1.64384305525254,0.03227059621629714,23195.763333333332,9559.234573232095,1.586827583971445,0.017637444017830812,0.014048586955715219,0.010958760124617726,0.15132932053372794,0.02268879330520698
S3,0,Rule-Random/Fix,40.78333333333333,42.77972027972028,39.63506666666667,41.57524475524475,210.44,1952.2733333333333,50764.92,16.15279433322484,13.712220491177751,8.988255714999228,1.9521532267182387,8909.270787977639,14,0.04666666666666667,0.7880751977474131,0.05615012596261128,1.5528647359627417,0.04829592686229799,18212.333333333332,6501.512249262726,1.5270883288769714,0.05025758288369786,0.05116667311048,0.031226791972166677,nan,nan
S3,0,Rule-Random/Learn,21.733333333333334,49.770992366412216,20.525333333333336,46.339999999999996,210.56,1611.0566666666666,35809.90666666667,27.770841200056427,19.173124172812713,22.9923503540831,2.7663093992371306,12314.764004216811,169,0.5633333333333334,0.7281369014207267,0.05689697384427211,1.6315814422673922,0.049680354978963726,23090.316666666666,8310.958780382658,1.5728649072942464,0.04744669701312281,0.022724085755219548,0.02948029038371839,0.07871141924921969,0.018471362847020795
S3,0,Rule-Random/Random,41.71333333333333,41.71333333333333,42.638,42.638,201.49,2000.0,47428.04666666667,14.730278087349804,14.730278087349804,1.5950353578031242,1.5950353578031242,371.1407135481983,0,0.0,0.750552518747605,0.00542285618200718,1.5813967771580717,0.0025327057603698553,22880.213333333333,291.25365254813715,1.5849201329349478,0.0030791899456470893,0.015233752920652849,0.0019132082833752497,0.10901363444676268,0.0017444571566460894
S3,1,MLP-EvoTop5/Evo,21.623333333333335,45.683098591549296,21.7272,45.225352112676056,135.91333333333333,1494.58,30064.273333333334,26.375753831682623,19.191594539509587,22.76722455357503,4.609618630395636,13518.205336892548,158,0.5266666666666666,0.7023124899725278,0.05124668441186074,1.7052235486948535,0.045058724539880114,26201.83,10594.098500796656,1.5821525643547178,0.023192167248712578,0.016953339963339278,0.014410103719774404,nan,nan
S3,1,MLP-EvoTop5/Fix,45.126666666666665,45.126666666666665,45.4456,45.4456,132.01333333333332,2000.0,43602.86666666667,13.428764946269732,13.428764946269732,4.691596768777415,4.691596768777415,2453.9700593929174,0,0.0,0.7762974963378728,0.02632065161291052,1.7210112842582286,0.021802596595391577,35963.316666666666,2522.823547514809,1.5381441698540828,0.015677423157864145,0.044297292880465,0.009740930691854858,nan,nan
S3,1,MLP-EvoTop5/Learn,42.28,43.43835616438356,43.4222,44.61184931506849,193.52333333333334,1966.8966666666668,43197.693333333336,18.740837672193802,17.617732633072933,7.370227677173747,1.599612712330613,4780.229744897439,8,0.02666666666666667,0.7413660084297032,0.03777524430785888,1.6366499546537512,0.023654855236276178,29807.943333333333,3355.232431444795,1.5742735656508322,0.02511243156004999,0.021848837107413296,0.015603231019996392,0.08422236832153973,0.009989672981348873
S3,1,MLP-Random/Evo,0.24,4.235294117647059,0.38166666666666665,6.735294117647059,203.32,219.88666666666666,1973.7533333333333,2.3821521423770227,9.384358074508253,3.9775458251951434,15.81721772217188,4987.878800544237,283,0.9433333333333334,0.4175323872615107,0.12788222446947828,1.5036770492620026,0.1945908831787421,1349.0966666666666,3080.850998817036,1.3922308662288065,0.09243111606237554,0.13495832583985276,0.057430681449888,0.012551480369956878,0.028692553023798306
S3,1,MLP-Random/Fix,1.1433333333333333,14.91304347826087,1.0332,13.476521739130437,204.14333333333335,247.01666666666668,2452.7166666666667,6.996615681327381,21.228011176227124,5.637244199715326,16.018236938705392,7486.5754290756795,277,0.9233333333333333,0.4136797307894028,0.1388399495273028,1.5084996021577632,0.20031451501330105,1209.67,2533.692719547953,1.3730376145993504,0.09653335590161341,0.146883763585027,0.05997954637194869,0.008378025769056763,0.023840975236549676
S3,1,MLP-Random/Learn,0.8,34.285714285714285,1.0150666666666666,43.502857142857145,200.85666666666665,149.76333333333332,2715.2766666666666,5.726778031500225,17.172791325371712,6.5981705933908055,3.624884891440068,7640.642878631669,293,0.9766666666666667,0.3856126342218612,0.07336909019362231,1.4466913309549427,0.07219757110282926,1895.6,4588.764642378579,1.4108681794793703,0.05798091171722546,0.12337831203094683,0.036025565987528915,-0.04816650361656995,0.022203674334580748
S3,1,MLP-Random/Random,2.17,7.076086956521739,2.078,6.726086956521739,179.51666666666668,898.9733333333334,8496.783333333333,12.20016036958032,21.306364779666747,8.581311653762299,14.500919179393442,9946.821756381934,208,0.6933333333333334,0.5421668695899282,0.10302511978185941,1.6240854953106791,0.21219911917885773,4333.1866666666665,5342.365161945358,1.5119509705258736,0.06617003157564316,0.060572042670964686,0.0411137522388597,0.018773432168839362,0.025339048756571562
S3,2,MLP-EvoTop5/Evo,18.04,43.645161290322584,18.725,44.6058064516129,144.52333333333334,1385.4566666666667,28260.893333333333,24.450312730968093,18.072209968471082,22.244346566725714,5.747251459989226,14272.564667076313,176,0.5866666666666667,0.7062062291193518,0.048982326639599075,1.7063955308126062,0.05756115564564276,23687.543333333335,10516.714681580372,1.575243728471943,0.027814372556085258,0.021246041054446413,0.017282041351951896,nan,nan
S3,2,MLP-EvoTop5/Fix,43.15,46.06761565836299,43.1172,46.03259786476868,142.49666666666667,1935.1466666666668,38749.193333333336,19.019462835610895,15.85556631669719,12.416695746892689,5.472981625206918,6233.788878514832,19,0.06333333333333334,0.7443087033414975,0.00835791235964405,1.75084588761484,0.016351304673747426,38388.753333333334,6294.491105728022,1.562146556358002,0.005579930496737578,0.029383771632777833,0.0034670057500376227,nan,nan
S3,2,MLP-EvoTop5/Learn,41.12,43.744680851063826,41.897333333333336,44.4377304964539,199.36333333333334,1929.24,41725.18,18.848070614423314,16.21053840055474,10.426658055977306,1.7157791331843757,7081.211216208839,18,0.06,0.7310292827385446,0.058678952440911196,1.6397113432990367,0.03592999208414235,29980.753333333334,5100.141203942894,1.574437407435589,0.03840590825304656,0.021747036482803517,0.02386293249110914,0.08509195336421503,0.015294982917282788
S3,2,MLP-Random/Evo,0.03,1.125,0.03,1.125,206.26,114.54666666666667,893.3333333333334,0.18943676418641142,0.3535533905932738,0.18943676418641142,0.3535533905932738,1910.3385371824468,292,0.9733333333333334,0.37299591376895724,0.09973410180640462,1.462539792717727,0.11886715282423002,735.6866666666666,916.8293417872793,1.3726083186718976,0.11944524512462323,0.14715050014201772,0.07421550356296457,0.007020994791302734,0.02156661229435901
S3,2,MLP-Random/Fix,0.12666666666666668,3.8,0.15086666666666665,4.526,206.54666666666665,124.88666666666667,1040.82,1.6266865872274767,8.508818954473059,2.043375277321516,10.8033988478935,3631.9394435119357,290,0.9666666666666667,0.3763225628563952,0.10676716475039355,1.4657233984674265,0.14277534411860518,751.6433333333333,1670.1149709454562,1.3708762610802443,0.10345174688627198,0.1482266880323809,0.06427818438165933,0.0052111298281177,0.02069571695084597
S3,2,MLP-Random/Learn,0.3,90.0,0.1688,50.64,199.33333333333334,67.46666666666667,1174.7866666666666,5.196152422706632,nan,2.923701763176265,nan,3073.6966818684828,299,0.9966666666666667,0.37253245069834645,0.048513291107863614,1.4347298311524346,0.056476779389273764,1047.2266666666667,2487.358067470032,1.399974084928161,0.0472632337143647,0.1301471935560087,0.029366298226990432,-0.05065400834454422,0.01882214284441445
S3,2,MLP-Random/Random,0.24666666666666667,1.121212121212121,0.24666666666666667,1.121212121212121,177.64666666666668,648.4866666666667,4451.33,0.48985243381239685,0.32887460856458367,0.48985243381239685,0.32887460856458367,5255.634969968759,234,0.78,0.5348847284887851,0.10173243592717966,1.6018077584652037,0.20415831033742138,2023.5333333333333,2511.309309979595,1.5027025001444574,0.06530258837128557,0.06631844041017847,0.04057477947224599,0.008682669244328818,0.023425767849522154
S3,3,MLP-EvoTop5/Evo,9.833333333333334,38.81578947368421,10.4904,40.25368421052632,120.61,1233.0633333333333,23927.393333333333,19.45079261452688,19.19146374568012,18.765867573673276,12.629800192888275,12847.520058912905,224,0.7466666666666667,0.6910401527995281,0.0509551689692303,1.719505521358225,0.10555131058158475,20686.26,9756.901535373301,1.5784794360960477,0.024093403187836683,0.019235582869569223,0.014970073093032851,nan,nan
S3,3,MLP-EvoTop5/Fix,46.903333333333336,47.377104377104374,45.4134,45.872121212121215,109.49,1994.24,42407.846666666665,15.591159988537827,14.934062768591499,6.530002825138828,4.686096875994342,1659.493933968571,3,0.01,0.769537552184204,0.0027992730626854164,1.72730970962472,0.003055461841753936,37842.09333333333,1515.062091718167,1.5418433410645118,0.0025350838446913065,0.041998868578508264,0.0015751361547444033,nan,nan
S3,3,MLP-EvoTop5/Learn,43.446666666666665,45.25694444444444,42.31653333333333,44.079722222222216,193.04333333333332,1940.4266666666667,42964.79666666667,19.27326346273256,17.45786227150906,8.810607849887765,1.6973067185357753,6883.188333476178,12,0.04,0.7415213374633769,0.049947738619525665,1.6296507421192914,0.02705905954507314,28871.013333333332,4652.256457567533,1.566074757761426,0.02972696680480759,0.026943042870844487,0.018470402974320878,0.08182038440953969,0.012031148009283652
S3,3,MLP-Random/Evo,0.006666666666666667,1.0,0.006666666666666667,1.0,210.73333333333332,53.626666666666665,494.02,0.08151300584956361,0.0,0.08151300584956361,0.0,565.9475964017425,298,0.9933333333333333,0.3438969550103631,0.06844185058775179,1.4437388719114626,0.07477251981936164,561.2366666666667,475.2571639598989,1.3636525114389968,0.08833048330217362,0.1527150560430006,0.05488281506217493,0.005705749663159708,0.01989788770297496
S3,3,MLP-Random/Fix,0.13666666666666666,3.1538461538461537,0.15013333333333334,3.4646153846153847,210.41666666666666,126.73666666666666,659.5666666666667,1.6834793031405415,7.765802747153208,1.9153312057311953,8.886297143528171,2249.4771088186735,287,0.9566666666666667,0.3606248923058781,0.10442663893100769,1.4654042514294194,0.16342912886659627,543.7833333333333,929.0461014310159,1.363940087234898,0.08133304165426805,0.15253637515467333,0.05053506011378883,0.003905427402843115,0.013747596797249486
S3,3,MLP-Random/Learn,0.08333333333333333,25.0,0.13140000000000002,39.42,199.65333333333334,68.57666666666667,1248.4966666666667,1.4433756729740645,nan,2.275914761145505,nan,3742.1125242036164,299,0.9966666666666667,0.3728233259179984,0.048819054448912706,1.4330804541617364,0.05184947153108772,1039.8933333333334,2604.667112032534,1.4025515035531642,0.04691284552649744,0.12854575332330942,0.029148589805211466,-0.05174099873367146,0.017527664662536455
S3,3,MLP-Random/Random,0.14333333333333334,1.075,0.14333333333333334,1.075,174.23666666666668,351.8666666666667,1494.9133333333334,0.37850553985539803,0.2667467828369185,0.37850553985539803,0.2667467828369185,1555.2272798949098,260,0.8666666666666667,0.5299702170981934,0.10499976210067465,1.5634713957707063,0.22609533030597462,586.8766666666667,603.1410824508825,1.4978657452790003,0.062317516587703334,0.06932368517798816,0.03872005009093818,-0.00905199745400372,0.019757554324809225
S4,0,Random,3.8333333333333335,50.0,4.116866666666667,50.60347826086957,202.52333333333334,376.76,5328.233333333334,14.940648093049939,24.910749778869654,13.805834723899686,4.650089548204863,9235.55021306341,277,0.9233333333333333,0.2930880255615009,0.06979048542399106,1.3210951176151073,0.08160205099737759,5841.843333333333,9921.796413234575,1.6083447265569408,0.0011594025407854897,0.0006792345754463166,0.0007203773018071969,0.01333646034471228,0.030745954202163722
S4,0,Rule-Fixed/Evo,33.48,52.3125,32.939600000000006,51.38385416666667,213.23666666666668,1643.39,37800.793333333335,29.43497339667349,19.13102384344417,24.723775454998048,2.371237717669788,14159.20829126427,108,0.36,0.6743833406951577,0.08128485745113616,1.5251551509674777,0.0522386985886291,30110.03,10896.252206589137,1.5832944645143199,0.07504229756632888,0.016243837502399557,0.04662640104757788,nan,nan
S4,0,Rule-Fixed/Fix,48.21,49.70103092783505,48.368,49.863917525773196,212.71,1947.14,48378.83666666667,19.594703570780442,17.930612398980923,8.677978588045832,1.6717992929574914,7831.013327945737,9,0.03,0.7175509898119187,0.07680618590189671,1.4939895281803586,0.03936468784035543,31640.346666666668,5083.959516726565,1.5663349856491737,0.07074054078857743,0.026781354193240143,0.04395356928158231,nan,nan
S4,0,Rule-Fixed/Learn,17.363333333333333,56.01075268817204,17.203933333333335,54.01505376344087,213.06,1492.8866666666668,31092.763333333332,29.531537287065618,25.419734982906792,25.05566008316082,2.096399928477759,10058.824091695866,207,0.69,0.6512981330943797,0.056272316224654555,1.5679219451312931,0.0478216080679987,31660.91,11704.836338065687,1.5980675805772788,0.06003895931751874,0.007064784400179308,0.037304302858577706,0.10043872509298363,0.019097898277373154
S4,0,Rule-Random/Evo,38.333333333333336,51.8018018018018,38.099733333333326,51.33081081081081,214.87,1741.54,40871.12,28.32767338050782,19.617067008240266,22.496566930855707,2.395013347013182,12568.707807571429,78,0.26,0.6987164367604559,0.03509557053830053,1.5292969590435352,0.029075736425591605,31346.713333333333,9627.870051934922,1.5907591064319657,0.014405877949780094,0.01160579470498794,0.008950875233200371,0.15476123332636552,0.020394919848319665
S4,0,Rule-Random/Fix,47.25333333333333,48.88275862068966,46.852199999999996,48.46779310344827,214.29666666666665,1965.1966666666667,53582.87666666666,19.018803111522868,17.155306642461913,9.004786788723424,2.3058088130426633,9343.743525215446,10,0.03333333333333333,0.753999558383014,0.05387984570955516,1.4614234372757957,0.055666786042779685,25724.843333333334,8047.638507284938,1.5478532020214475,0.039474083795597234,0.038264732014118286,0.024526627271938047,nan,nan
S4,0,Rule-Random/Learn,27.223333333333333,52.3525641025641,28.054866666666666,53.468205128205135,214.59333333333333,1677.52,38495.23333333333,30.655930516104874,22.10905652622326,26.71266910321045,1.9903118533988544,11154.072140250932,144,0.48,0.689910687155597,0.03911501794910194,1.5404339375196041,0.037186033709939885,31245.2,8648.02760353123,1.592055707298736,0.01649356816704138,0.0108001712902833,0.010248030097723154,0.0924965864147986,0.01243952375749476
S4,0,Rule-Random/Random,49.82,49.82,48.57553333333333,48.57553333333333,207.38333333333333,2000.0,53537.746666666666,14.93467156370434,14.93467156370434,1.5360375712494323,1.5360375712494323,363.8729001272913,0,0.0,0.7421972830833071,0.00453021269529737,1.4590027566440806,0.0023791998210854594,25836.283333333333,310.41976605786607,1.5841996976543862,0.002696003158904964,0.015681384528555078,0.0016751209463107231,0.10575315762647333,0.0016189160441678371
S4,1,MLP-EvoTop5/Evo,36.86,53.16346153846154,36.02093333333334,51.65144230769231,200.11333333333334,1712.84,39301.6,28.049891050766423,16.295644524594405,23.770728446948166,2.664437807037986,13613.945789024147,92,0.30666666666666664,0.6963346962955274,0.05678465235859923,1.5678111955834697,0.04360285864519966,33893.98333333333,10214.76396493101,1.5795300776193024,0.025840666328318024,0.01858278258747213,0.016055708722082243,nan,nan
S4,1,MLP-EvoTop5/Fix,53.526666666666664,54.99315068493151,51.88246666666667,53.30390410958904,200.97,1968.3066666666666,41888.84333333333,20.278230799804074,18.48208813396498,8.711143245159109,1.3934268239837666,4446.356347394528,8,0.02666666666666667,0.7063404240553812,0.009136439934057482,1.6447436354838256,0.007284256440876947,46466.63333333333,4936.4752362472655,1.5843725188876716,0.003956784492885903,0.015574004658881212,0.002458488433953748,nan,nan
S4,1,MLP-EvoTop5/Learn,50.31333333333333,50.821548821548824,50.22206666666666,50.641548821548824,209.04666666666665,1991.9566666666667,48726.78,19.497238177342854,18.922989565064345,4.581345597876184,1.4190028945246074,2579.662333999974,3,0.01,0.7323605480777451,0.008131962247267114,1.5228681927003136,0.006060947960966116,34988.75,1935.3060565731446,1.574295998787959,0.005243864773561201,0.021834898615624578,0.0032581963759201024,0.08839484698584274,0.002112076230481182
S4,1,MLP-Random/Evo,1.1633333333333333,8.948717948717949,1.2824,9.864615384615385,210.02333333333334,444.8933333333333,4875.09,7.598846212953381,19.566282380867023,7.5359435412465885,18.972690324191024,9433.38684636704,261,0.87,0.45287892046539335,0.16026940242161625,1.4615270313377111,0.235634365199575,3308.923333333333,5742.0335178857995,1.375311053821637,0.12045771479061093,0.14547119637462227,0.07484458633662464,0.023406020242972794,0.0407088791771163
S4,1,MLP-Random/Fix,3.1633333333333336,29.65625,2.7299333333333333,25.593125,209.45666666666668,375.3566666666667,5670.46,12.820473366717442,27.82619950751913,10.520781600265758,21.530825679371514,12546.345747952158,268,0.8933333333333333,0.4223229585949316,0.151303428426207,1.403590742372793,0.18080113028688294,2642.056666666667,5208.011210563338,1.337389276497925,0.13525456104535483,0.1690333214064351,0.08403838383600458,0.0098335948798276,0.030851688558110085
S4,1,MLP-Random/Learn,9.203333333333333,52.094339622641506,8.774733333333332,49.66830188679246,206.09,549.5133333333333,10910.91,22.747604281713134,26.419881900789587,19.073406101952237,4.652550060016326,16177.265042938032,247,0.8233333333333334,0.4117367821387854,0.10993486147581667,1.3826708099186522,0.0957024308232016,8024.06,11283.005100150998,1.415333605407746,0.09719494755209912,0.12060378690395854,0.06039061637680842,-0.026338003631568328,0.02991650171892589
S4,1,MLP-Random/Random,12.656666666666666,21.451977401129945,13.4934,22.870169491525427,187.74,1423.45,21017.443333333333,23.925444164818238,27.977247432665305,21.174309047810127,23.367093618498103,15866.470216061904,123,0.41,0.5610439058946264,0.07515776008507376,1.5370383498326505,0.15811802516965776,10764.45,8420.234366698694,1.5342619362366752,0.053906285022498196,0.04670946025108217,0.0334938580768057,0.029421413986574527,0.019763423594536193
S4,2,MLP-EvoTop5/Evo,30.426666666666666,50.15384615384615,31.756733333333333,51.660879120879116,191.80333333333334,1666.7166666666667,38301.72,28.31519834080547,18.15429454811551,25.331161530359125,4.747198917827018,13130.28522189424,118,0.3933333333333333,0.6977592396511936,0.05236803227888855,1.556930382447268,0.03633125864468999,32208.766666666666,9848.94850399456,1.5770808166764394,0.022910999176060806,0.020104593975125293,0.014235404173753064,nan,nan
S4,2,MLP-EvoTop5/Fix,50.406666666666666,50.406666666666666,51.980866666666664,51.980866666666664,190.74333333333334,2000.0,49141.47666666667,14.226827861199286,14.226827861199286,1.2332117768293454,1.2332117768293454,161.76057740861165,0,0.0,0.7653253634994106,0.0029542709344779496,1.5718076289038143,0.0018073044460339617,40511.58666666667,239.77293290402946,1.5418936645813082,0.002859546589839587,0.04196760081949287,0.0017767361932681434,nan,nan
S4,2,MLP-EvoTop5/Learn,49.19,49.686868686868685,49.81406666666666,50.31723905723906,207.97,1991.02,49844.98,17.922554501694805,17.311911887549947,5.224221002135413,1.471501963001758,2486.5675418268634,3,0.01,0.742139383203505,0.007612589858137108,1.5115716458045794,0.007374586408347,33639.666666666664,1854.8641510773941,1.5682120648322906,0.005691605446744389,0.02561505932183489,0.003536393297792055,0.0856576803045192,0.002388237063265819
S4,2,MLP-Random/Evo,0.04,1.0,0.04,1.0,212.31333333333333,186.44333333333333,1780.6166666666666,0.1962865968262874,0.0,0.1962865968262874,0.0,3355.7897220451955,288,0.96,0.385986118813611,0.12559064252498256,1.386528188697107,0.15724522384323883,1438.5066666666667,2392.5238105193216,1.3539584410898642,0.11471517946807708,0.15873832060899518,0.0712765485277918,0.010689464912952727,0.032805482977990484
S4,2,MLP-Random/Fix,1.0266666666666666,10.620689655172415,1.3377999999999999,13.82758620689655,212.51,301.1533333333333,3515.3333333333335,5.85664493162019,16.14756459545934,7.223396894975461,19.450483221168206,9711.914068390168,271,0.9033333333333333,0.4107017100479984,0.149369415419522,1.4154103444055735,0.22208524250906644,1556.37,3464.3610741289367,1.3455308591073794,0.11690725881532193,0.16397467170857816,0.07263856400556166,0.006490574416354218,0.027167776575105128
S4,2,MLP-Random/Learn,4.033333333333333,52.608695652173914,3.7662000000000004,49.12434782608696,207.19333333333333,311.25,5943.073333333334,15.085893061192454,20.528780529771506,13.157589524693893,4.839090660338192,12020.004356226384,277,0.9233333333333333,0.3761318297355108,0.08624744058675396,1.3488392389532704,0.08100606398416826,4747.363333333334,9219.412649585294,1.3868782389263459,0.0817537431039301,0.1382841001745491,0.05079645662148373,-0.03646694725505963,0.026109098824086387
S4,2,MLP-Random/Random,1.9766666666666666,5.59433962264151,2.0012,5.663773584905661,186.62666666666667,1022.4833333333333,10625.133333333333,10.06414820800704,16.370576568306813,9.059925130553644,14.587577262394987,10663.052739623028,194,0.6466666666666666,0.549961379005119,0.09054543166306413,1.5320803367219133,0.1931710472124407,4828.383333333333,5101.622647273395,1.519708026885918,0.0687289518871288,0.0557523125651213,0.04270369882313989,0.016595934123194257,0.020765564997883512
S4,3,MLP-EvoTop5/Evo,19.23,51.972972972972975,19.091533333333334,51.05909909909909,148.56,1441.6733333333334,32112.58,28.67795641161497,22.765787512868535,24.950598768605307,5.407173946720235,13972.549438678721,189,0.63,0.6816458760354368,0.05711181168656325,1.5773741641928825,0.05799137194680507,28652.9,10730.058803960716,1.5754565248243202,0.026190656016115157,0.021113823246767485,0.016273169541846214,nan,nan
S4,3,MLP-EvoTop5/Fix,53.95333333333333,53.95333333333333,52.26926666666667,52.26926666666667,144.94,2000.0,48767.65,13.464849154920802,13.464849154920802,1.1942250095635718,1.1942250095635718,173.19948336178518,0,0.0,0.7678414825534002,0.002730227959262736,1.5867180842931914,0.001974958067538228,41647.21,251.10483473393307,1.5381642720465554,0.0024886159914806194,0.04428480268602052,0.0015462640542106137,nan,nan
S4,3,MLP-EvoTop5/Learn,48.446666666666665,48.446666666666665,50.96013333333334,50.96013333333334,204.05666666666667,2000.0,46474.65,17.252807116531006,17.252807116531006,1.6163934364380748,1.6163934364380748,1042.5649330531442,0,0.0,0.6954029047629992,0.013628882845056638,1.5109525151000138,0.00890378672436851,35123.46333333333,969.3047306489415,1.5918345691703224,0.004142970524146969,0.010937572134829765,0.0025741723195032576,0.0846069329345062,0.0030793852230970075
S4,3,MLP-Random/Evo,0.06333333333333334,1.1176470588235294,0.06333333333333334,1.1176470588235294,214.75333333333333,170.40666666666667,863.4766666666667,0.2699973161433974,0.3321055820775357,0.2699973161433974,0.3321055820775357,1254.41736510427,283,0.9433333333333334,0.35872005049129646,0.1149637967107775,1.3779174545157549,0.17220484354862478,795.6833333333333,1020.9919252506254,1.3446672744417023,0.09670041545950714,0.16451124703031325,0.060083346311420135,0.0034640371368604124,0.025169694601430936
S4,3,MLP-Random/Fix,0.13666666666666666,5.857142857142857,0.09786666666666667,4.194285714285714,215.10333333333332,121.49666666666667,1145.06,2.0244299471518663,12.850792082313726,1.3548084003137704,8.45128561648632,3643.719722268463,293,0.9766666666666667,0.35543805298366965,0.10306877947494307,1.3633720719527305,0.1290596228173929,866.62,1797.9260503540759,1.3431667724587604,0.10510965170020495,0.16544356133169102,0.06530829856073044,0.003731856763168255,0.024244458701192385
S4,3,MLP-Random/Learn,2.82,49.76470588235294,2.9632,50.66352941176471,206.12,335.03333333333336,6271.5633333333335,12.251309396950164,17.963607000560557,11.861527721713445,4.33413333490167,11153.323033141029,283,0.9433333333333334,0.38838707384824933,0.08693330083375904,1.3660534560351896,0.08334812033327436,5148.843333333333,8728.76037079865,1.3992672889933657,0.08264154512413231,0.13058635056190157,0.05134807903160796,-0.030842510833036473,0.02717140299777033
S4,3,MLP-Random/Random,0.20333333333333334,1.196078431372549,0.20593333333333333,1.196078431372549,182.38,473.18666666666667,2957.903333333333,0.4859107459871358,0.44808962688896314,0.48690490190647856,0.44808962688896314,3734.2700119831825,249,0.83,0.5207621454355528,0.0999443617667374,1.4755740724462896,0.20625173290537505,1158.7266666666667,1502.5173854571174,1.4982362608146678,0.05955460038319909,0.06909347093188092,0.03700335373181884,-0.004605744403647274,0.02042659309628998
S5,0,Random,108.36333333333333,108.36333333333333,108.16113333333334,108.16113333333334,223.96,2000.0,54460.43,20.286525889477403,20.286525889477403,2.040719932203961,2.040719932203961,353.6599538774338,0,0.0,0.3561650538209187,0.0025659384300500427,0.878191545057011,0.00088779002730916,65063.57666666667,223.6194153735215,1.609425144013017,9.04785224658176e-06,7.933466078267059e-06,5.621746683534839e-06,0.058819429681663635,0.0007163782927136523
S5,0,Rule-Fixed/Evo,108.15666666666667,108.15666666666667,107.5918,107.5918,224.66666666666666,2000.0,86377.01666666666,18.974867788230434,18.974867788230434,1.8578257403764622,1.8578257403764622,2624.794444518556,0,0.0,0.5648586320627363,0.009636618724266546,0.8789086035258471,0.009130407067859675,64030.26,3232.6846023381217,1.6085320283034052,0.0010198300385716955,0.0005628574570639074,0.0006336560302778722,nan,nan
S5,0,Rule-Fixed/Fix,108.06333333333333,108.06333333333333,108.01206666666667,108.01206666666667,224.68333333333334,2000.0,84069.05333333333,18.64971927363807,18.64971927363807,1.1835538551253857,1.1835538551253857,337.0261601085996,0,0.0,0.5592010221907924,0.0024868099124939758,0.8866326726515538,0.0006422110320532682,67387.87,181.69447627550514,1.609371759421266,6.226517070186038e-05,4.110317790027684e-05,3.868752576338298e-05,nan,nan
S5,0,Rule-Fixed/Learn,110.89,110.89,113.18893333333334,113.18893333333334,224.68333333333334,2000.0,67594.99333333333,27.819134556841245,27.819134556841245,1.5369457384366405,1.5369457384366405,470.43847044056366,0,0.0,0.49067763318224006,0.0035703539953142053,0.9514215050067122,0.001569981084762068,86885.46,397.5847084601441,1.585094381674981,0.002262445312464161,0.015125486091167381,0.0014057363101646206,0.11995973175362404,0.0008829420023829268
S5,0,Rule-Random/Evo,108.57,108.57,107.59146666666666,107.59146666666666,224.74,2000.0,87008.93666666666,19.266093910856444,19.266093910856444,1.7589573479940979,1.7589573479940979,2519.876333296122,0,0.0,0.5672540533339281,0.009167629893991853,0.8775573934524281,0.008879796035942708,63363.1,3151.0832076082825,1.608338722345488,0.0011192114412672395,0.0006829652017764147,0.0006954051676181525,0.107591030675623,0.005684845354752245
S5,0,Rule-Random/Fix,107.26,107.26,107.191,107.191,224.76,2000.0,88295.58,18.262826619129946,18.262826619129946,2.512348166762877,2.512348166762877,9189.558754219786,0,0.0,0.5698629023504542,0.03170274939362743,0.8710805836864701,0.033731633511267615,61376.92333333333,11728.83062330125,1.6018998769246706,0.009934420953321461,0.0046836447999594666,0.0061726027929196285,nan,nan
S5,0,Rule-Random/Learn,115.27333333333333,115.27333333333333,112.7104,112.7104,224.77666666666667,2000.0,73389.86333333333,25.68523036855698,25.68523036855698,1.6195052219365018,1.6195052219365018,5993.187109020932,0,0.0,0.5148491848967162,0.02525351714349229,0.9281106227216386,0.023261641199228727,79929.90666666666,7080.932733702504,1.5958364290468978,0.012123194893503898,0.00845107679030103,0.007532564505808663,0.1090845531720285,0.010821491372775474
S5,0,Rule-Random/Random,104.92,104.92,105.8442,105.8442,223.99333333333334,2000.0,92395.05333333333,15.098570221795008,15.098570221795008,1.0812279467853658,1.0812279467853658,377.4917268431264,0,0.0,0.5744946308175255,0.0019719097625165165,0.8515068111131783,0.000981452774464467,52460.38,415.7757977323032,1.6089824894483233,0.00018724498155800237,0.0002829702110646726,0.00011634184836295717,0.08602753180342562,0.0008301245265289487
S5,1,MLP-EvoTop5/Evo,109.49666666666667,109.49666666666667,107.95013333333334,107.95013333333334,224.86,2000.0,94221.65666666666,13.180632983346987,13.180632983346987,1.8112265976908661,1.8112265976908661,2940.417670850928,0,0.0,0.6193073148860854,0.013730371948089976,0.8881639049357241,0.012346981301517953,65613.99,3824.3888160009537,1.587271194583301,0.008724532745878788,0.013772956185227872,0.005420856982723788,nan,nan
S5,1,MLP-EvoTop5/Fix,110.25666666666666,110.25666666666666,111.61213333333333,111.61213333333333,224.84666666666666,2000.0,79095.55,16.72632722077815,16.72632722077815,1.1282540966366934,1.1282540966366934,225.1667108141496,0,0.0,0.5635922607300907,0.001956908604425281,0.9553256024370673,0.00090875753551079,84174.27,309.8559441424375,1.6089601342179238,0.00010632341824309126,0.00029686029668217614,6.606245411622395e-05,nan,nan
S5,1,MLP-EvoTop5/Learn,108.05333333333333,108.05333333333333,108.87873333333334,108.87873333333334,224.79,2000.0,83362.24333333333,19.74953084974016,19.74953084974016,1.2054057708770805,1.2054057708770805,972.7040048540388,0,0.0,0.5598736722483035,0.004296675281107102,0.8943054144591099,0.0034070643288557074,69651.58333333333,1097.933511819733,1.6092243101409183,0.00015732087894102564,0.0001327185668558665,9.774895802168157e-05,0.09388751197138472,0.001615529024695649
S5,1,MLP-Random/Evo,111.45666666666666,111.45666666666666,111.42953333333334,111.42953333333334,223.95333333333335,2000.0,84339.22,21.82266906619807,21.82266906619807,3.6615479732973704,3.6615479732973704,14365.620399986969,0,0.0,0.5992947502059425,0.07336395964013091,0.9697403115496877,0.04236834874914655,85364.09333333334,12930.0065158383,1.4962580581308358,0.0917002155350384,0.07032259736698528,0.05697654741856538,0.1296096792952304,0.021726914968071966
S5,1,MLP-Random/Fix,110.89,111.63422818791946,111.031,111.7761744966443,223.99,1998.5866666666666,77711.12,25.40819726573128,23.802578226116207,10.79377451253382,5.806626900015222,23852.669884262963,2,0.006666666666666667,0.5472450152174982,0.1363762673818114,0.9721738150327186,0.05785820932137926,84074.85,20399.00033538679,1.3347385133587122,0.21695689397320692,0.17068033314807082,0.13480289751909916,0.11887413205729792,0.037105127076482454
S5,1,MLP-Random/Learn,108.52666666666667,108.52666666666667,108.67466666666667,108.67466666666667,224.18,2000.0,75109.21333333333,21.04993161411104,21.04993161411104,2.0586675128954304,2.0586675128954304,4540.366066137988,0,0.0,0.4954623872918945,0.025654270925351948,0.9034684648291147,0.009745868029429791,67156.73,3984.7146992662465,1.5305663150141073,0.03080067346055832,0.04900567882156329,0.01913753442900798,0.05735466671827719,0.004388720506757261
S5,1,MLP-Random/Random,104.47,104.47,104.18073333333334,104.18073333333334,219.84666666666666,2000.0,90751.59666666666,19.520397530082256,19.520397530082256,2.76917011744555,2.76917011744555,605.4346850390912,0,0.0,0.5348471824087471,0.003388590415329894,0.8963223204802426,0.0019056784079374554,40629.72666666667,514.7051485287107,1.5678632455641028,0.0024681565008277096,0.02583179291900747,0.001533551857924666,0.040254367600869354,0.0007369568135549235
S5,2,MLP-EvoTop5/Evo,109.17333333333333,109.17333333333333,108.45339999999999,108.45339999999999,225.0,2000.0,91197.86666666667,14.653065549189757,14.653065549189757,2.0614065821642185,2.0614065821642185,4197.630258631986,0,0.0,0.6096749975159842,0.018818333826484387,0.8988628729015473,0.016840654974987913,69524.78333333334,5235.350593402671,1.5920279717573105,0.009737482679426578,0.010817404351100022,0.00605023816339687,nan,nan
S5,2,MLP-EvoTop5/Fix,111.86333333333333,111.86333333333333,112.18726666666667,112.18726666666667,225.0,2000.0,77012.96666666666,16.21195280035357,16.21195280035357,0.9443409314817369,0.9443409314817369,250.36791433939322,0,0.0,0.5698607994728959,0.0020965562922493166,0.9815265426056207,0.0010126539714109958,90801.00666666667,294.3586872247948,1.60842320920694,0.00014158226528098206,0.0006304705632451412,8.797000753316397e-05,nan,nan
S5,2,MLP-EvoTop5/Learn,110.55666666666667,110.55666666666667,109.2828,109.2828,224.86333333333334,2000.0,82165.99,21.00040106852769,21.00040106852769,1.3601928448756215,1.3601928448756215,1556.637763575703,0,0.0,0.5563905810327282,0.006002214304211691,0.9000959045593053,0.006240176561419967,71651.21333333333,1999.9324723940078,1.608364826370722,0.0005670954469924986,0.0006667458589661216,0.0003523562124461401,0.09707412266980285,0.0029756694786978646
S5,2,MLP-Random/Evo,110.07666666666667,110.4448160535117,112.22900000000001,112.60434782608695,224.30333333333334,1995.59,78007.67333333334,25.079221413577812,24.29570621501224,7.388058180532267,3.5155285185185274,11429.69469917475,1,0.0033333333333333335,0.5726369935008347,0.0629025020213259,0.9911174812890878,0.028730418612145835,91488.99666666667,9211.848092225378,1.4906365480711574,0.0898800401524407,0.07381543795204167,0.05584560886633203,0.13710959561159192,0.016391267039212634
S5,2,MLP-Random/Fix,110.40333333333334,112.27457627118645,111.40206666666667,113.2902372881356,224.25333333333333,1977.1366666666668,68376.53333333334,30.530000414454264,27.15004662440929,15.820821630130242,6.31793362719588,23408.30518329059,5,0.016666666666666666,0.5089387235832681,0.14575551968583358,0.9932471392882023,0.04669080280842841,91944.99666666667,17635.34707848372,1.2526028872694905,0.2877193840697088,0.2217140670092301,0.17877010467248436,0.12990474357243176,0.03668035210628254
S5,2,MLP-Random/Learn,111.27333333333333,111.27333333333333,108.86539999999998,108.86539999999998,224.19333333333333,2000.0,74506.03,21.928249267600663,21.928249267600663,1.9524464132609425,1.9524464132609425,3689.220764415613,0,0.0,0.4921331979277812,0.021534496207084277,0.9032760032176187,0.008002416710100154,67428.25,3077.6031004087395,1.52856279590383,0.02612170931098854,0.05025053523683643,0.016230330545328266,0.05728188023991476,0.003647209558190287
S5,2,MLP-Random/Random,102.35333333333334,102.35333333333334,103.13446666666667,103.13446666666667,218.31,2000.0,94745.29,21.772658336985078,21.772658336985078,3.4698606829987124,3.4698606829987124,777.8284318954168,0,0.0,0.5414944537035391,0.004397302318612251,0.9110335368965461,0.0028707371580813717,32847.543333333335,607.1044728259764,1.575898666778286,0.003033769102859333,0.020839105004734106,0.001884986726994077,0.0302912670082895,0.0007934153575070051
S5,3,MLP-EvoTop5/Evo,110.17666666666666,110.17666666666666,108.90333333333334,108.90333333333334,224.99666666666667,2000.0,91298.91666666667,14.857363822520401,14.857363822520401,2.221928315755651,2.221928315755651,4162.112234257675,0,0.0,0.6143073351348847,0.01996692296126441,0.9033254656156403,0.017649096323530865,70876.27,5417.462016427198,1.5902305678913786,0.010683178164735517,0.011934194164515974,0.006637831805874619,nan,nan
S5,3,MLP-EvoTop5/Fix,112.49333333333334,112.49333333333334,112.08786666666667,112.08786666666667,225.0,2000.0,82003.21666666666,14.958693031576388,14.958693031576388,0.8168063976199403,0.8168063976199403,211.1016407594376,0,0.0,0.593909208513377,0.001686840438591267,0.9613766374854326,0.0008690488814097903,87537.4,289.31392723991576,1.603531380232864,0.0004954331784731113,0.0036699347987295765,0.0003078299415252498,nan,nan
S5,3,MLP-EvoTop5/Learn,110.28,110.28,110.01013333333334,110.01013333333334,224.82666666666665,2000.0,80161.38666666667,21.10671087941362,21.10671087941362,1.182081937902476,1.182081937902476,1198.5430245766845,0,0.0,0.5477869250664238,0.0054340651189941054,0.904793155773142,0.005162109490517977,73580.05666666667,1571.3533779038123,1.6051166311030265,0.0014217264315234505,0.0026849630530565325,0.0008833682992922928,0.0995050051939464,0.002411868965750892
S5,3,MLP-Random/Evo,114.13,114.13,113.44053333333335,113.44053333333335,224.75666666666666,2000.0,75519.61,27.45247824647002,27.45247824647002,3.375336432961086,3.375336432961086,8948.922563903947,0,0.0,0.560998589712605,0.05554149687277127,1.0009646766079623,0.021798904286214074,94506.31,6302.10570006162,1.478091831591925,0.09327057304850951,0.08160990854473446,0.05795226540143315,0.14068356569373924,0.014499173350460267
S5,3,MLP-Random/Fix,111.61333333333333,111.9866220735786,113.96919999999999,114.35036789297659,224.76,1996.41,67355.03,30.184668341702068,29.53350653664378,7.37071658002192,3.2828062657267085,19112.53769544045,1,0.0033333333333333335,0.5069284657087256,0.13490219353434396,1.0040370861498318,0.031757639658750246,96780.91666666667,9443.036511184353,1.2362426990140438,0.29853203866583433,0.2318792235083112,0.1854883847083837,0.13831593021868252,0.030315008478346662
S5,3,MLP-Random/Learn,108.75,108.75,108.7154,108.7154,224.26333333333332,2000.0,74890.86333333333,21.825719693375046,21.825719693375046,2.017111126750051,2.017111126750051,3660.216141888348,0,0.0,0.49279806244592106,0.020565547726423973,0.900884273376848,0.008624638582778347,66548.32,3397.538975183799,1.5290517358717537,0.025283237297719034,0.04994673975386298,0.01570935859183339,0.056228808421015845,0.003804735675099006
S5,3,MLP-Random/Random,101.23,101.23,101.03706666666666,101.03706666666666,217.56666666666666,2000.0,94968.95666666667,26.51856988027415,26.51856988027415,10.847274678711097,10.847274678711097,3522.345408774947,0,0.0,0.53523973474583,0.006076110294441037,0.9370007653236292,0.00662827564349692,27237.766666666666,1350.5825668163286,1.5732683777035958,0.004399722430243222,0.02247339549482953,0.002733701248275629,0.023426424431953363,0.0009841304067837175
