regen,metab,survival_probability,mean_final_population,std_final_population,mean_births,std_births,has_reproduction
0.0,3.1,0.0,0.0,0.0,97.568,12.133151940036027,1
0.214,3.1,0.0,0.0,0.0,115.946,14.265310511867593,1
0.0,2.671,0.0,0.0,0.0,145.506,15.691971322940914,1
0.0,2.243,0.0,0.0,0.0,181.276,17.17916831514262,1
0.0,1.814,0.0,0.0,0.0,222.122,17.173442170980167,1
0.0,1.386,0.0,0.0,0.0,277.38,17.298080818402948,1
0.0,0.957,0.0,0.0,0.0,344.418,16.644256546929334,1
0.214,2.671,0.004,0.004,0.063118935352238,392.112,687.1903837045451,1
0.0,0.529,0.0,0.0,0.0,459.744,19.83104798037663,1
0.429,3.1,0.0,0.0,0.0,138.798,15.742210645268345,1
0.214,2.243,0.006,0.156,2.435500769862329,815.684,1841.8070767982188,1
0.0,0.1,0.0,0.0,0.0,1006.364,47.56102925715548,1
0.214,1.814,0.026,0.5,3.589707508976184,2116.504,4391.287721156973,1
0.429,2.671,0.014,0.52,5.378624359443594,6429.222,7035.592792133155,1
0.214,1.386,0.298,11.306,19.869382577221668,16295.23,9397.69118417391,1
0.429,2.243,0.23,11.536,23.43008117783632,19767.0,13550.869638956756,1
0.643,3.1,0.0,0.0,0.0,162.418,16.712727964039864,1
0.214,0.1,1.0,225.0,0.0,175.0,0.0,1
0.429,0.1,1.0,225.0,0.0,175.0,0.0,1
0.643,0.1,1.0,225.0,0.0,175.0,0.0,1
0.643,0.529,1.0,225.0,0.0,175.0,0.0,1
0.643,2.671,0.13,8.144,22.7247720340601,22147.124,15898.155810049919,1
0.214,0.957,0.872,51.946,27.939704436518294,36943.154,8359.760541683236,1
0.429,1.814,0.806,50.248,30.840987273432088,41425.918,9686.43863281423,1
0.857,3.1,0.0,0.0,0.0,184.468,17.006968454136675,1
0.643,2.243,0.822,59.746,35.918595239791884,51390.824,11863.65813638542,1
0.857,0.1,1.0,225.0,0.0,175.0,0.0,1
0.429,1.386,0.998,80.742,21.333528447024417,50851.578,3649.9671581969064,1
0.643,1.814,1.0,89.018,21.853276093071262,63238.794,3390.733569533885,1
0.857,0.529,1.0,225.0,0.0,175.0,0.0,1
1.071,0.1,1.0,225.0,0.0,175.0,0.0,1
0.214,0.529,1.0,100.638,18.10621318774304,57738.736,3424.5131131744847,1
1.071,3.1,0.0,0.0,0.0,203.836,17.46931893349022,1
0.857,2.671,0.536,44.1,46.69781579474569,49022.338,19871.058449004573,1
0.429,0.957,1.0,110.4,17.695762204550558,65064.006,3401.611699468944,1
0.643,1.386,1.0,113.656,18.31321009544749,68766.066,3282.0398659437396,1
1.071,0.529,1.0,225.0,0.0,175.0,0.0,1
1.071,0.957,1.0,225.0,0.0,175.0,0.0,1
0.857,2.243,1.0,94.782,25.950693169932862,66344.48,2506.3418293600735,1
1.286,0.1,1.0,225.0,0.0,175.0,0.0,1
1.286,3.1,0.0,0.0,0.0,222.528,18.946588505585908,1
1.286,0.529,1.0,225.0,0.0,175.0,0.0,1
0.643,0.957,1.0,156.818,13.256729460919084,61857.214,2367.0422024552076,1
1.286,0.957,1.0,225.0,0.0,175.0,0.0,1
0.429,0.529,1.0,185.298,8.590063794873702,49573.996,2655.854877809403,1
0.857,1.814,1.0,119.068,20.12787559579997,76223.618,3093.8243835221156,1
1.071,2.671,0.782,78.27,47.980757601355144,61105.1,16819.181217823894,1
0.857,0.957,1.0,202.462,6.297662741049253,34847.61,2214.0934844536264,1
1.5,3.1,0.0,0.0,0.0,241.182,19.156849323414328,1
0.857,1.386,1.0,145.598,14.742333465228631,66277.372,3075.2400442267917,1
1.5,0.1,1.0,225.0,0.0,175.0,0.0,1
1.071,2.243,1.0,121.224,21.82919659538573,84377.118,2368.547984752684,1
1.5,0.529,1.0,225.0,0.0,175.0,0.0,1
1.5,0.957,1.0,225.0,0.0,175.0,0.0,1
1.5,1.386,1.0,225.0,0.0,175.0,0.0,1
1.071,1.814,1.0,141.668,17.573667118731933,76687.87,3968.8215733514653,1
0.34,1.754,0.56,27.692,28.75171535752258,28724.46,11865.4816713187,1
1.045,0.958,1.0,225.0,0.0,175.0,0.0,1
1.071,1.386,1.0,177.798,10.733182007214822,59415.012,2953.7290058256867,1
1.286,1.386,1.0,209.1,5.100392141786747,28574.836,1808.5044432082548,1
0.515,2.287,0.388,23.156,32.95632965000805,30755.986,15477.378302212685,1
1.286,2.243,1.0,139.146,19.261689541678322,94494.852,3958.033589814013,1
1.286,2.671,1.0,121.874,25.536212013530903,93761.806,1677.2589020076775,1
0.658,0.279,1.0,225.0,0.0,175.0,0.0,1
0.138,1.401,0.014,0.048,0.6615859732491312,807.46,1715.093475120234,1
1.286,1.814,1.0,164.8,13.59941175198398,68602.352,2887.437218728054,1
0.597,2.314,0.692,47.574,38.068734205381716,43936.124,14785.055368466632,1
1.084,1.069,1.0,225.0,0.0,175.0,0.0,1
0.441,1.993,0.644,35.922,32.18303770622034,35511.672,12877.689640320426,1
0.64,2.78,0.028,2.188,13.384941389486919,13666.084,11162.16869075826,1
1.5,2.671,1.0,138.962,23.430248739610086,104954.74,1666.676893821955,1
1.5,2.243,1.0,156.484,15.574522271967124,74973.594,2603.4245602982237,1
0.725,3.057,0.0,0.0,0.0,204.614,18.080956943701846,1
0.952,2.648,0.738,69.27,47.50272729012515,63307.962,17421.357472957035,1
0.181,2.579,0.002,0.002,0.044676615807377355,263.808,368.79646301991556,1
1.5,1.814,1.0,188.738,9.194637350107941,53427.488,2614.870310714472,1
0.721,1.276,1.0,135.638,15.756870120680693,74153.628,3756.635557731945,1
0.936,0.447,1.0,225.0,0.0,175.0,0.0,1
0.274,0.626,1.0,107.292,18.880432622162026,63304.152,3500.514136080013,1
1.299,0.851,1.0,225.0,0.0,175.0,0.0,1
0.797,1.695,1.0,115.202,20.167230746932017,72669.858,3021.7107978487948,1
1.471,2.154,1.0,158.38,15.705782374654246,75059.364,2940.1085666185863,1
0.646,1.581,1.0,100.396,19.380071826492287,60440.666,3240.752982015754,1
1.079,1.369,1.0,179.746,10.153102186031617,56066.578,2728.7742105047823,1
0.144,2.756,0.0,0.0,0.0,181.086,96.17294112171054,1
1.087,1.933,1.0,138.222,18.431297187121693,86292.424,4039.0493767994467,1
0.024,1.883,0.0,0.0,0.0,221.618,16.20111341852775,1
0.291,1.817,0.262,11.55,21.716710156006595,14640.174,11940.994902926806,1
0.23,2.187,0.008,0.136,1.8377986832077122,1109.016,2527.4253950896355,1
0.476,1.344,1.0,90.008,20.648388217969945,57949.742,3814.4695305423534,1
1.264,0.35,1.0,225.0,0.0,175.0,0.0,1
1.146,0.831,1.0,225.0,0.0,175.0,0.0,1
0.543,0.785,1.0,161.114,12.633329094106589,60887.886,2603.0118687789345,1
0.779,1.939,1.0,100.426,22.834546722017496,65332.02,3151.9154569245666,1
0.626,2.144,0.91,68.726,31.75082556406998,53775.418,8998.755748617472,1
1.057,3.086,0.0,0.0,0.0,215.182,18.25948728743499,1
0.478,2.176,0.434,26.42,33.574329479529446,30128.774,15354.265929666713,1
0.835,0.577,1.0,225.0,0.0,175.0,0.0,1
0.639,1.037,1.0,145.646,14.513465609564106,64882.206,2962.683359315335,1
0.905,1.735,1.0,130.532,18.017685089933167,89057.456,3917.080911094893,1
1.416,1.606,1.0,199.238,7.233626752881296,40520.774,2176.6034289516315,1
0.514,1.012,1.0,128.07,17.818223817204675,88368.222,4140.9186368143,1
0.534,2.388,0.3,16.72,28.130154638750213,27109.53,15999.250344972417,1
0.536,0.231,1.0,225.0,0.0,175.0,0.0,1
0.227,1.297,0.496,22.862,27.34327990567335,23782.282,10016.085781106109,1
0.937,2.124,1.0,112.528,22.896489163188313,75383.45,2794.0038345535604,1
0.257,2.587,0.014,0.208,2.6496671489075756,1114.586,2153.753434031853,1
0.941,2.27,1.0,104.716,24.958672721120408,72719.962,2328.249471288676,1
0.004,3.065,0.0,0.0,0.0,104.388,13.150568656906058,1
1.004,1.858,1.0,131.896,18.415894873722536,85113.11,3933.579178547192,1
0.483,2.085,0.572,34.396,34.950810920492245,35556.684,14270.111555981051,1
1.353,3.051,0.0,0.0,0.0,291.844,17.81234583091177,1
1.282,1.255,1.0,225.0,0.0,175.0,0.0,1
0.457,1.295,1.0,88.546,20.254181889180316,58095.914,3710.651294665668,1
0.361,1.13,1.0,81.184,19.45040215522548,52874.934,3882.8137845696388,1
0.89,2.175,1.0,102.16,24.300419749461117,69953.27,2610.3326648341204,1
1.313,1.631,1.0,183.826,9.850062131783739,55137.752,2720.0663746489718,1
1.358,0.723,1.0,225.0,0.0,175.0,0.0,1
0.77,2.1,1.0,95.492,24.1292754967902,67167.424,2740.610537129273,1
1.388,2.625,1.0,137.176,24.49826573453721,101102.396,1229.4077562729137,1
0.159,0.493,1.0,82.714,19.982897787858494,53544.938,3635.6669245347543,1
0.508,1.757,0.988,71.746,23.755451669037992,51458.1,4006.7580772989027,1
0.386,1.793,0.652,34.66,30.686485624782776,34860.202,10726.440916967565,1
0.14,0.991,0.31,11.466,19.181679905576573,15510.456,8138.872280363171,1
0.439,1.66,0.968,67.394,24.767049965629738,48039.836,6127.804775701001,1
0.249,2.443,0.002,0.028,0.6254726213032831,960.556,1968.666288344472,1
0.832,1.267,1.0,152.676,14.022090571665837,62844.802,2616.556727226834,1
1.097,0.583,1.0,225.0,0.0,175.0,0.0,1
1.475,0.338,1.0,225.0,0.0,175.0,0.0,1
0.475,1.163,1.0,101.062,18.95611131007623,58293.672,3273.4592608456273,1
1.113,0.246,1.0,225.0,0.0,175.0,0.0,1
0.686,2.361,0.68,50.382,40.47073110286,48440.278,15823.604832803301,1
0.868,1.665,1.0,129.044,18.63453954354655,88300.43,3844.5505226359037,1
0.901,2.698,0.944,84.056,32.752906191664884,68942.276,8500.410702773366,1
0.506,2.883,0.01,0.152,2.022101876760911,5341.94,6190.139584888212,1
0.998,0.434,1.0,225.0,0.0,175.0,0.0,1
1.27,1.76,1.0,166.528,12.931558916078139,67385.734,3024.418534403597,1
0.676,1.743,1.0,96.062,21.12595929182862,62008.906,3240.806249864993,1
0.848,0.355,1.0,225.0,0.0,175.0,0.0,1
1.21,1.283,1.0,212.62,4.302046024858405,24456.726,1829.1116124840496,1
0.657,2.395,0.588,42.676,40.57175155203433,42452.392,15955.978820314847,1
0.302,2.535,0.012,0.222,2.6466424012321723,2530.936,4020.4541842811736,1
0.997,2.764,0.746,68.926,47.3880208913603,62434.302,18156.549794903105,1
0.011,1.755,0.0,0.0,0.0,232.936,16.528033881862658,1
0.309,2.253,0.05,1.854,9.260490483770285,5054.982,7021.912883372735,1
1.063,2.618,0.918,94.13,38.94587397915215,67187.196,10416.090282134848,1
0.044,2.008,0.0,0.0,0.0,213.474,17.59833298923509,1
0.048,2.334,0.0,0.0,0.0,183.716,16.478815005940202,1
1.127,0.337,1.0,225.0,0.0,175.0,0.0,1
1.365,0.486,1.0,225.0,0.0,175.0,0.0,1
0.98,3.088,0.0,0.0,0.0,206.1,18.609406223735352,1
0.43,1.019,1.0,103.262,19.173350150664856,60261.198,3178.50271524125,1
0.154,2.2,0.002,0.002,0.044676615807377355,245.592,207.12817658638335,1
0.643,0.714,1.0,203.732,6.176744773746119,33482.304,2029.6841664613733,1
0.874,2.545,0.938,86.142,34.7510264021079,68463.484,8543.73850710238,1
0.702,2.524,0.462,32.882,39.44915811522471,36794.924,17850.33592776965,1
0.843,0.467,1.0,225.0,0.0,175.0,0.0,1
0.123,0.515,0.966,58.028,22.539370355003264,41820.958,4911.520962007186,1
0.709,0.465,1.0,225.0,0.0,175.0,0.0,1
0.626,3.067,0.0,0.0,0.0,183.238,17.774401705824026,1
0.355,2.85,0.002,0.002,0.044676615807377355,2366.45,3271.502797721561,1
0.814,0.3,1.0,225.0,0.0,175.0,0.0,1
0.568,2.105,0.848,59.432,33.67048226562845,49926.946,10759.806160664979,1
1.391,1.807,1.0,176.766,11.991632249197773,66576.33,3609.965227685718,1
0.992,0.247,1.0,225.0,0.0,175.0,0.0,1
0.639,2.465,0.526,36.642,38.702323392788706,40529.402,16556.670024144227,1
1.289,2.565,1.0,128.314,20.622982422530452,100429.928,1727.6142355329214,1
0.453,3.042,0.0,0.0,0.0,173.272,18.006610341760606,1
0.357,2.523,0.024,0.828,5.942256810337297,5569.216,6527.785988016458,1
0.008,1.555,0.0,0.0,0.0,254.84,17.05668197510876,1
1.044,1.421,1.0,169.068,12.216520617589936,62371.728,2779.7703613816734,1
0.146,1.486,0.01,0.106,2.01860446843853,660.764,1518.1377988522647,1
1.268,0.661,1.0,225.0,0.0,175.0,0.0,1
0.599,1.373,1.0,107.452,20.316389836779564,63868.768,3274.904102744995,1
0.272,1.064,0.986,64.24,21.73086284527147,45361.542,4814.002393459729,1
1.378,0.374,1.0,225.0,0.0,175.0,0.0,1
0.287,3.002,0.0,0.0,0.0,171.2,16.055404074641036,1
1.126,1.822,1.0,145.188,16.010891792776565,72165.326,3404.7800087118694,1
0.038,0.901,0.0,0.0,0.0,367.11,16.04362490212234,1
0.471,0.242,1.0,225.0,0.0,175.0,0.0,1
1.342,0.23,1.0,225.0,0.0,175.0,0.0,1
1.482,1.226,1.0,225.0,0.0,175.0,0.0,1
0.617,1.543,1.0,98.968,20.371621830379635,59270.038,3307.8103035929976,1
1.445,1.125,1.0,225.0,0.0,175.0,0.0,1
0.312,1.43,0.762,43.478,30.818330843833834,35341.21,9323.515573961358,1
0.009,1.197,0.0,0.0,0.0,307.816,15.192963634525029,1
1.398,1.847,1.0,174.48,12.01006244779768,71934.232,3992.321409678334,1
0.753,0.302,1.0,225.0,0.0,175.0,0.0,1
1.49,0.809,1.0,225.0,0.0,175.0,0.0,1
0.695,1.607,1.0,106.786,20.36389461768058,64316.404,3229.9014896408216,1
0.19,2.431,0.002,0.002,0.044676615807377355,393.114,777.7158562122801,1
1.154,1.821,1.0,149.612,16.127041142131436,70017.736,3014.2474905528243,1
0.069,2.233,0.0,0.0,0.0,197.866,18.144311615489855,1
0.976,2.696,0.77,72.512,46.923191025334155,63073.27,17625.201676834797,1
0.363,0.387,1.0,211.582,4.77569638900967,23519.912,1823.0587111379598,1
0.158,0.797,0.768,39.584,27.50947007850206,33217.378,8503.137544172505,1
0.223,2.92,0.008,0.008,0.08908422980528033,288.534,442.9285279184442,1
0.451,2.003,0.614,35.536,33.619945032673684,34836.746,13260.66313098572,1
0.809,1.979,1.0,100.942,23.432768423726632,66753.476,2954.4762908887933,1
0.025,2.264,0.0,0.0,0.0,186.154,17.382125416645685,1
0.186,1.889,0.01,0.102,1.5848015648654568,831.674,2246.251544178434,1
0.012,0.354,0.016,0.034,0.32379623222020365,605.652,104.1407264042267,1
0.534,2.889,0.0,0.0,0.0,5537.188,5535.4121306959605,1
0.338,2.725,0.002,0.012,0.2680596948442641,2547.572,3569.5083410486664,1
1.188,1.656,1.0,165.668,13.073399557880881,65206.754,2686.3686585210153,1
0.801,0.586,1.0,225.0,0.0,175.0,0.0,1
0.645,2.719,0.044,2.846,14.592953230926218,17203.364,13894.57884167433,1
1.198,2.497,1.0,120.912,23.19293547613152,87888.75,1804.1643438168264,1
0.948,0.179,1.0,225.0,0.0,175.0,0.0,1
0.005,1.543,0.0,0.0,0.0,256.582,16.768520387917356,1
0.68,2.897,0.0,0.0,0.0,6737.394,6207.991883915764,1
0.078,1.32,0.0,0.0,0.0,309.83,46.265982103485065,1
1.331,0.148,1.0,225.0,0.0,175.0,0.0,1
0.04,2.86,0.0,0.0,0.0,137.478,15.63142719011927,1
0.881,2.945,0.032,2.652,15.38892120975346,16728.902,14500.932627675918,1
0.559,2.671,0.062,3.656,15.36299658269831,15141.846,12037.072568456335,1
0.422,1.187,1.0,90.222,19.0786979639597,57485.162,3804.006484715293,1
1.065,2.976,0.67,61.93,49.488797722312874,58877.194,21323.211341173825,1
0.852,0.776,1.0,225.0,0.0,175.0,0.0,1
1.391,0.695,1.0,225.0,0.0,175.0,0.0,1
0.545,1.72,0.996,80.2,21.968431896701233,55328.824,3512.5947914645662,1
1.073,1.332,1.0,183.446,9.351314559996364,52326.31,2704.15428663011,1
0.447,1.356,1.0,82.504,20.61188938452756,57345.376,3709.4549425251143,1
1.021,2.813,0.73,65.744,47.82662923518654,61152.256,19317.138463097064,1
0.585,2.364,0.636,41.05,36.34973865105498,41176.63,15435.99013452328,1
1.457,2.715,1.0,140.032,22.171580367668877,106797.438,1036.518014390488,1
1.249,2.638,1.0,118.004,27.2103653779217,86360.828,1666.4828671234518,1
0.858,2.083,1.0,102.11,23.01334178253997,69617.382,2713.3031824836676,1
0.896,0.979,1.0,206.586,5.814344675025725,30609.252,1920.4251843006018,1
0.911,2.536,0.81,73.872,43.27465327417425,63820.832,15236.582292488562,1
0.561,0.742,1.0,174.452,10.724164116610673,61526.854,3382.8135432926247,1
0.523,2.004,0.88,60.54,31.082927790026474,48653.064,9896.998855607897,1
0.417,2.325,0.164,8.17,20.868758947287688,15890.078,12931.204094279696,1
0.176,1.003,0.58,26.048,26.18728118763,25240.802,9227.169197039577,1
0.834,1.602,1.0,128.578,17.37952577028499,87565.114,4225.0563973755425,1
0.503,1.149,1.0,108.19,19.226073442073396,63900.09,3513.505175448017,1
0.847,0.674,1.0,225.0,0.0,175.0,0.0,1
0.349,2.34,0.082,3.626,13.457864763772895,7547.108,9068.135480920871,1
1.064,2.978,0.652,60.85,50.50753904121641,58610.32,21650.340310064414,1
1.015,0.747,1.0,225.0,0.0,175.0,0.0,1
0.499,2.961,0.002,0.19,4.2442785017008475,5263.74,5848.864832803029,1
1.407,2.824,1.0,127.398,20.775649111399623,102512.298,1534.0045896919605,1
0.505,1.081,1.0,114.918,17.1353224655972,69215.216,3346.194419537514,1
1.167,0.701,1.0,225.0,0.0,175.0,0.0,1
1.17,0.812,1.0,225.0,0.0,175.0,0.0,1
1.323,2.567,1.0,131.49,21.729654852298047,98011.222,1524.6643383761555,1
0.554,0.827,1.0,154.904,12.997183694939453,61714.05,2398.1882485534784,1
0.131,1.14,0.094,2.72,9.378358065247884,6488.228,5678.726811884509,1
1.033,0.713,1.0,225.0,0.0,175.0,0.0,1
0.706,2.527,0.472,31.788,38.40404999475967,37712.964,17605.282520843113,1
0.327,2.637,0.008,0.244,3.87768797094351,2970.918,4303.786693979617,1
0.411,0.718,1.0,136.826,15.5664936321575,71225.096,3786.4148418766795,1
0.814,2.182,1.0,96.04,23.11593389850386,66745.858,2719.5842082634617,1
0.218,0.377,1.0,138.552,15.825526721092096,70090.832,3710.578504731574,1
0.061,1.098,0.0,0.0,0.0,336.712,15.242212962690163,1
1.013,0.118,1.0,225.0,0.0,175.0,0.0,1
0.987,2.419,0.998,100.984,26.1570591619165,69656.816,2978.7761718773036,1
0.634,0.835,1.0,174.128,11.133715282869415,61043.69,3025.944796241333,1
1.399,1.043,1.0,225.0,0.0,175.0,0.0,1
0.316,1.364,0.854,51.95,29.325952669947483,39079.622,8367.683909847216,1
1.365,0.23,1.0,225.0,0.0,175.0,0.0,1
0.484,3.016,0.0,0.0,0.0,203.658,17.62433079580612,1
0.904,1.193,1.0,174.284,11.34263390928227,62007.782,3427.0714358583186,1
0.666,0.209,1.0,225.0,0.0,175.0,0.0,1
0.543,2.69,0.092,5.412,18.811864766683815,15927.648,13199.073122158843,1
0.84,1.105,1.0,175.58,11.486322300893352,61238.136,3116.607852377966,1
0.405,1.181,1.0,87.296,21.73974204078788,58743.496,3957.236183750472,1
1.368,1.842,1.0,172.09,12.10908336745602,70338.122,3233.5303052725517,1
1.481,1.326,1.0,225.0,0.0,175.0,0.0,1
1.231,1.495,1.0,187.72,8.856274611821837,50353.292,2452.527549842407,1
0.553,1.936,0.95,71.614,28.80647503600536,51856.432,5901.777496769597,1
0.031,2.854,0.0,0.0,0.0,136.984,15.040603179394104,1
0.386,0.348,1.0,225.0,0.0,175.0,0.0,1
1.417,1.574,1.0,203.544,6.316333113444856,36073.27,2161.0847417674304,1
0.14,2.612,0.0,0.0,0.0,191.766,108.33885380600995,1
1.431,0.409,1.0,225.0,0.0,175.0,0.0,1
1.302,0.941,1.0,225.0,0.0,175.0,0.0,1
1.297,0.931,1.0,225.0,0.0,175.0,0.0,1
0.785,0.427,1.0,225.0,0.0,175.0,0.0,1
0.684,0.939,1.0,168.036,12.194043791950232,60856.624,2566.846146270555,1
0.309,0.595,1.0,127.306,17.7906819430847,83367.56,4573.4100304258745,1
1.061,1.552,1.0,159.35,12.455500792822422,64310.224,2604.073199782218,1
0.02,0.172,0.152,4.718,12.5862812617548,10048.222,5270.809064338795,1
0.248,1.938,0.052,1.82,9.21344669491282,3758.258,6439.40110564919,1
1.425,2.548,1.0,139.712,22.07824848125412,105625.428,1569.5145659776465,1
0.395,0.914,1.0,106.178,19.13202331171484,61863.796,3443.270143102919,1
1.415,0.835,1.0,225.0,0.0,175.0,0.0,1
0.358,2.214,0.124,5.142,15.449719609106179,10711.18,10786.82777426246,1
1.421,1.953,1.0,168.94,13.175902246146181,71353.294,3022.574333835977,1
0.135,2.045,0.002,0.02,0.44676615807377357,253.136,238.86262475322502,1
0.615,2.085,0.946,73.224,30.939001664565712,54694.216,6957.98178219403,1
0.078,0.983,0.028,0.282,2.848591932867887,883.914,1417.4526413972358,1
0.814,2.677,0.344,27.134,41.23847771196216,35242.638,20593.348304220857,1
0.978,0.799,1.0,225.0,0.0,175.0,0.0,1
0.764,0.991,1.0,176.142,10.91832569581985,58450.542,2975.01339362296,1
0.918,3.065,0.0,0.0,0.0,219.242,18.531795271910383,1
1.162,0.504,1.0,225.0,0.0,175.0,0.0,1
0.0,3.042,0.0,0.0,0.0,110.39,13.872487159842679,1
0.598,0.655,1.0,205.92,5.409029487810175,30377.144,1926.5345185757767,1
1.064,2.874,0.642,60.14,50.78756146932042,58870.322,21560.302513051993,1
0.984,1.317,1.0,171.52,11.477700118055012,62870.344,3164.3943145038043,1
1.498,0.222,1.0,225.0,0.0,175.0,0.0,1
0.635,1.216,1.0,129.328,17.13313794959931,84132.912,4420.383416883201,1
0.969,0.216,1.0,225.0,0.0,175.0,0.0,1
1.14,0.79,1.0,225.0,0.0,175.0,0.0,1
0.938,1.425,1.0,153.604,13.659691943817768,63394.562,2662.8469700972305,1
1.216,0.493,1.0,225.0,0.0,175.0,0.0,1
1.354,0.766,1.0,225.0,0.0,175.0,0.0,1
0.662,2.899,0.008,0.312,5.297797278114745,9093.15,8774.153034652403,1
1.277,0.483,1.0,225.0,0.0,175.0,0.0,1
0.623,2.334,0.692,48.538,38.401309300595464,44677.528,15018.539469243206,1
0.319,1.277,0.97,64.172,23.598695218168313,45241.448,5432.495451566987,1
1.384,1.01,1.0,225.0,0.0,175.0,0.0,1
0.701,1.225,1.0,136.98,15.653357467329492,72363.958,3842.538312656882,1
0.051,3.048,0.0,0.0,0.0,114.134,13.690144045991627,1
1.324,2.858,0.852,92.576,49.780801761321605,61630.566,12978.863665577353,1
0.51,1.885,0.944,66.218,26.441605019362953,50726.568,5973.875184951223,1
0.524,0.932,1.0,136.2,16.451139778143034,73445.992,4251.539169281638,1
0.204,1.791,0.018,0.32,3.261533381708672,1355.628,3122.274869004329,1
1.099,2.134,1.0,127.222,19.22905915535131,93300.05,2763.8307002238757,1
1.489,0.397,1.0,225.0,0.0,175.0,0.0,1
1.206,2.673,0.996,110.36,28.51242536158578,73532.614,2050.021977688044,1
0.222,0.953,0.922,55.608,25.289806958535685,39370.296,7174.65302801355,1
0.924,0.277,1.0,225.0,0.0,175.0,0.0,1
0.54,2.493,0.194,10.734,24.17600554268633,21301.578,14516.340427391333,1
0.331,1.068,1.0,77.588,19.77094474222211,50167.26,3864.39793401249,1
0.165,2.551,0.0,0.0,0.0,229.868,245.99477753806076,1
0.596,1.533,1.0,95.404,19.790320462286605,59278.944,3572.6277702643465,1
0.371,1.675,0.712,40.752,31.43778770842503,35250.99,11576.006407647674,1
0.677,0.961,1.0,163.302,12.132880779106008,60936.116,2434.263798881296,1
0.251,1.702,0.194,7.196,16.826930320174267,11207.396,10210.435012436248,1
0.639,1.017,1.0,147.056,14.02386765482333,63706.538,2780.9963596804655,1
0.942,0.215,1.0,225.0,0.0,175.0,0.0,1
1.341,1.59,1.0,191.364,8.752342772081084,47384.116,2307.983700666883,1
0.82,2.686,0.378,30.056,41.98548396767626,37609.81,20405.831831853855,1
0.427,2.998,0.002,0.002,0.044676615807377355,2255.728,2779.5236775418916,1
1.375,1.653,1.0,189.17,9.04373263647262,50270.048,2519.973839089604,1
0.053,0.531,0.07,1.622,7.3753044682914615,6117.818,3946.237279342944,1
0.851,0.627,1.0,225.0,0.0,175.0,0.0,1
0.806,2.25,1.0,90.396,24.271942320300617,66644.126,2448.5951372417617,1
0.649,2.752,0.032,2.302,13.54129964220569,14069.518,11979.010252340384,1
0.971,0.212,1.0,225.0,0.0,175.0,0.0,1
0.061,1.648,0.0,0.0,0.0,257.204,16.35464411107744,1
0.766,2.371,0.888,74.422,36.094264308889855,60827.59,10599.981367431737,1
0.926,1.314,1.0,164.0,12.570759722467056,61856.322,2590.2815287755884,1
1.091,2.113,1.0,128.794,17.77581401792897,92515.872,2939.3954602291947,1
1.279,2.969,0.366,36.298,51.35991818529309,43637.336,24117.027530504336,1
1.169,1.669,1.0,162.432,13.291251859776038,65480.278,2664.1959253620967,1
1.189,0.829,1.0,225.0,0.0,175.0,0.0,1
0.972,2.675,0.768,71.228,46.31410169699937,62865.78,17194.893291079185,1
0.992,1.235,1.0,182.926,9.633302860390096,52372.406,2587.6017168729813,1
0.604,0.466,1.0,225.0,0.0,175.0,0.0,1
1.047,2.516,0.996,104.718,27.242732535485494,70333.432,3194.7963887196315,1
0.041,0.196,0.846,45.21,26.398141980071248,34886.986,7725.602203699334,1
1.076,2.247,1.0,121.406,21.355869544460134,85205.318,2320.1441120921777,1
0.713,3.002,0.0,0.0,0.0,273.268,15.529203971871837,1
0.579,0.846,1.0,158.36,12.24607692283533,61342.156,2403.152170725774,1
1.14,1.681,1.0,157.728,14.125226228276842,66038.358,2554.9735305548666,1
0.448,2.925,0.008,0.082,1.6147061652201617,3474.896,4543.7317549767395,1
0.048,0.555,0.068,0.992,5.027915671528312,3906.328,2512.096128020582,1
0.663,1.055,1.0,148.5,14.689928522630735,63914.99,2771.798476422844,1
1.314,1.662,1.0,180.504,10.580830969257565,58622.208,3007.2858521823296,1
0.565,0.412,1.0,225.0,0.0,175.0,0.0,1
1.1,1.916,1.0,139.38,17.621112337193697,82916.83,4187.812128677694,1
0.698,1.405,1.0,123.562,18.973617367281335,87930.938,3648.6386938358255,1
0.533,2.962,0.002,0.128,2.8593034116721507,4439.66,5177.692426979416,1
1.193,1.576,1.0,174.376,11.541863974246102,65555.21,3290.3147925236576,1
0.504,3.088,0.0,0.0,0.0,153.934,16.527481477829582,1
0.81,2.895,0.006,0.344,4.746963661120655,10964.21,9332.326050771051,1
0.147,2.93,0.0,0.0,0.0,153.266,29.34974010106393,1
1.0,0.676,1.0,225.0,0.0,175.0,0.0,1
0.025,0.777,0.0,0.0,0.0,391.138,16.344386069840617,1
0.702,1.978,1.0,92.216,21.544589668870465,65348.064,3023.9767274078017,1
0.789,1.439,1.0,132.284,17.429840618892648,79052.872,4392.396294463421,1
1.363,0.586,1.0,225.0,0.0,175.0,0.0,1
1.052,2.223,1.0,118.342,22.133346696783114,82564.086,2435.754997245002,1
0.174,2.958,0.002,0.004,0.08935323161475471,172.916,114.20632619955866,1
1.321,1.274,1.0,225.0,0.0,175.0,0.0,1
0.995,1.748,1.0,137.226,16.993261134932283,79238.154,4346.411348030005,1
0.245,3.052,0.0,0.0,0.0,134.626,15.346599753691368,1
1.44,2.73,1.0,140.01,24.63708383717521,106792.716,1111.7357974554925,1
0.881,3.002,0.0,0.0,0.0,304.974,15.508620957390118,1
0.311,2.067,0.082,2.886,11.305087527303803,8008.518,8973.386537404704,1
0.988,0.688,1.0,225.0,0.0,175.0,0.0,1
0.342,1.868,0.362,16.952,25.664716947591685,21467.654,12757.00415514097,1
0.692,2.155,0.984,79.77,25.5632763940775,60926.668,4684.817227787655,1
1.213,0.594,1.0,225.0,0.0,175.0,0.0,1
0.686,0.769,1.0,201.832,6.286475642202077,35279.902,2109.1073714716376,1
0.159,0.106,1.0,225.0,0.0,175.0,0.0,1
1.202,2.726,0.974,107.938,32.468048232069634,69309.582,5791.706474889417,1
0.985,2.042,1.0,120.788,19.177253609419676,83372.166,2880.343518131822,1
0.396,2.931,0.0,0.0,0.0,2070.562,2519.5023671661834,1
0.778,2.394,0.892,75.07,35.503029448203435,61454.094,11072.008813271601,1
1.472,2.352,1.0,147.726,16.074293888068613,80315.122,2657.6459499180846,1
1.147,2.531,1.0,117.064,26.702732144857386,80282.298,1686.1366935085662,1
1.266,0.329,1.0,225.0,0.0,175.0,0.0,1
0.681,1.197,1.0,136.534,17.0202480592969,73079.17,3718.803626584765,1
0.49,0.638,1.0,175.17,11.200584806160792,58314.534,2969.834304610949,1
0.411,0.451,1.0,205.83,5.896193687456341,30052.858,1985.182018313686,1
0.7,0.89,1.0,179.576,10.259835476263738,55056.282,2725.3335242637736,1
1.417,1.964,1.0,166.144,13.79316004402182,71198.434,2982.1222338536027,1
0.146,0.72,0.822,42.716,26.514285658866996,34712.554,8167.519562944677,1
1.1,3.084,0.0,0.0,0.0,220.932,18.175790931896195,1
0.987,1.855,1.0,131.028,18.5254208049372,87319.7,3776.586701507063,1
0.508,2.422,0.208,10.838,24.0030780526165,22014.854,14879.452160905792,1
1.206,1.247,1.0,217.614,3.2337291166701023,17696.594,1571.7100817784428,1
0.714,2.711,0.116,7.944,24.47130695324628,24512.604,17727.71995963339,1
0.065,2.152,0.0,0.0,0.0,204.946,16.949545244637097,1
0.493,1.204,1.0,100.99,19.041688475552792,58444.74,3035.156477086478,1
0.407,1.553,0.97,67.502,25.530648170385337,47099.09,5178.689260604463,1
1.494,0.76,1.0,225.0,0.0,175.0,0.0,1
1.418,0.97,1.0,225.0,0.0,175.0,0.0,1
0.442,3.014,0.0,0.0,0.0,194.142,16.30944008848863,1
1.091,0.145,1.0,225.0,0.0,175.0,0.0,1
1.319,0.292,1.0,225.0,0.0,175.0,0.0,1
0.752,0.728,1.0,225.0,0.0,175.0,0.0,1
1.429,1.596,1.0,202.65,6.307733348834588,37228.504,2047.645382868821,1
1.002,0.618,1.0,225.0,0.0,175.0,0.0,1
0.722,1.501,1.0,118.162,18.72473647344603,75833.648,3527.911141184823,1
0.294,0.182,1.0,225.0,0.0,175.0,0.0,1
1.358,1.431,1.0,213.736,4.116588879157112,23287.916,1793.6532588390658,1
0.918,2.643,0.694,62.73,47.57853612712354,59266.538,19549.236997810323,1
1.29,0.411,1.0,225.0,0.0,175.0,0.0,1
1.155,1.421,1.0,185.512,9.360654677959229,51586.526,2720.7241663432183,1
0.845,2.76,0.128,10.892,30.614577181467002,24856.268,16882.3352936783,1
1.347,2.941,0.022,1.952,14.274932434165846,16851.086,13716.770149805821,1
0.826,2.54,0.822,68.862,40.561446670452966,60822.536,13601.521484183451,1
0.17,2.426,0.002,0.03,0.6701492371106603,262.214,426.7026039339343,1
0.418,0.31,1.0,225.0,0.0,175.0,0.0,1
1.121,0.729,1.0,225.0,0.0,175.0,0.0,1
0.832,3.027,0.0,0.0,0.0,252.52,17.327019362833298,1
0.378,1.672,0.744,44.33,32.20852526894083,37260.14,10257.479786399776,1
0.261,2.812,0.002,0.006,0.13402984742213206,630.496,1175.3378943878226,1
0.892,1.972,1.0,113.116,21.668007384159715,73562.498,2791.8597353728214,1
0.486,2.363,0.218,12.316,25.42495120939271,21427.69,14761.230154492547,1
0.42,2.073,0.526,28.106,31.06854943507984,29571.308,14630.26557220121,1
0.309,2.05,0.116,4.322,13.156835333772328,8629.112,9730.56352712709,1
0.339,2.655,0.008,0.008,0.08908422980528033,3220.482,4293.33680179834,1
0.367,1.116,1.0,84.01,21.32120775190749,56677.206,3837.0248937899796,1
0.779,2.183,1.0,91.028,24.287346829161887,66542.466,2597.8992522505564,1
0.995,2.23,1.0,111.148,23.261773277203094,78212.86,2586.747421840795,1
0.496,2.861,0.01,0.168,2.3366163570428067,6298.032,6282.428169344716,1
0.369,1.256,1.0,74.008,20.68748259213769,47924.114,3619.8647539658164,1
0.752,1.891,1.0,98.536,21.1783073922351,64186.258,3169.8730491040174,1
1.405,0.771,1.0,225.0,0.0,175.0,0.0,1
0.879,2.606,0.936,83.768,33.38583795563622,68158.34,10341.335721482017,1
1.241,1.155,1.0,225.0,0.0,175.0,0.0,1
1.348,1.963,1.0,160.162,14.158946147224375,71515.664,2735.58024249043,1
0.646,1.975,1.0,83.18,23.28105667704969,61378.316,2912.745848189299,1
0.238,1.36,0.478,22.938,27.55616366622901,23448.656,10144.38185606516,1
0.021,2.643,0.0,0.0,0.0,153.13,15.889653866588787,1
1.153,1.956,1.0,141.042,17.40138603675006,78678.85,3736.727573626421,1
0.402,3.071,0.0,0.0,0.0,147.26,15.861034014212313,1
1.373,2.364,1.0,141.926,18.100180220097258,93063.834,3638.658984632113,1
0.487,0.401,1.0,225.0,0.0,175.0,0.0,1
0.299,3.0,0.002,0.002,0.044676615807377355,676.354,1151.4196926768275,1
1.134,1.711,1.0,154.246,14.522034430478397,67046.084,2619.423176377578,1
0.096,1.555,0.0,0.0,0.0,278.72,16.932501291894237,1
1.482,2.606,1.0,140.67,20.628841460440768,101449.062,2141.6669232530066,1
1.133,1.734,1.0,152.778,14.193263049771184,67639.228,2696.556844573465,1
1.291,3.031,0.0,0.0,0.0,302.304,14.286062578611364,1
0.575,2.181,0.8,55.13,34.589609711588245,48212.334,11852.943789390212,1
0.122,2.27,0.002,0.002,0.044676615807377355,212.89,72.31894565050018,1
0.581,1.768,1.0,84.724,21.663144370104725,60582.77,3305.3435242195324,1
0.467,2.924,0.006,0.006,0.07722693830523131,2807.81,3006.7029367564733,1
0.625,2.854,0.006,0.14,2.951677489157648,7887.328,7523.183090980572,1
1.243,1.202,1.0,225.0,0.0,175.0,0.0,1
1.421,2.623,1.0,138.084,23.381038129219156,106558.55,1128.402622958667,1
0.398,0.482,1.0,187.734,8.642641031536598,46890.646,2497.0361728825637,1
0.402,2.126,0.268,13.206,24.614377180826658,21126.714,13459.645170070567,1
0.369,0.716,1.0,126.506,17.428768286944436,85064.632,4270.365109516515,1
0.125,0.689,0.598,28.5,27.79363236426646,26434.814,9340.689515416087,1
0.172,0.258,1.0,154.5,13.12409996914074,60233.166,2446.7529982497213,1
1.349,1.641,1.0,187.942,9.18643761204527,51916.016,2540.712496081365,1
0.331,0.982,1.0,88.052,19.96610367598045,58980.422,3862.55499480797,1
0.587,1.032,1.0,137.362,15.869812727313452,72414.938,3759.7317013526376,1
0.971,0.849,1.0,225.0,0.0,175.0,0.0,1
1.027,1.558,1.0,153.214,13.276302346662643,64696.448,2612.8982818502523,1
0.59,2.537,0.204,12.156,26.57802972381512,24996.008,16252.367876464523,1
1.011,3.01,0.0,0.0,0.0,310.356,13.634121313821439,1
0.817,1.141,1.0,165.934,12.023711739724966,61227.942,2711.6797153491416,1
0.068,2.118,0.0,0.0,0.0,208.532,17.479387174612274,1
0.36,0.146,1.0,225.0,0.0,175.0,0.0,1
0.328,1.467,0.746,44.326,31.77243654490477,36139.278,9732.990336824341,1
0.147,1.883,0.0,0.0,0.0,301.268,465.46346384651935,1
1.178,0.367,1.0,225.0,0.0,175.0,0.0,1
0.03,1.197,0.0,0.0,0.0,314.634,15.469455194026711,1
1.383,1.752,1.0,180.682,10.960879344286205,60577.252,2981.0898289880497,1
1.035,1.403,1.0,170.472,11.384252983836928,62241.824,2790.6332265319284,1
0.982,0.405,1.0,225.0,0.0,175.0,0.0,1
0.152,1.648,0.004,0.042,0.8533674472347769,379.032,828.1307185318027,1
0.461,2.353,0.258,13.78,25.834852428454084,20911.68,14542.955672682221,1
0.345,0.689,1.0,126.958,18.710538100225765,90464.95,3803.673320817654,1
0.974,2.714,0.702,64.094,48.28458515924104,61027.264,19719.20771669856,1
0.881,1.852,1.0,117.814,19.80776120615351,78141.882,3259.5425814178284,1
1.44,1.579,1.0,206.176,5.910078172071839,33338.042,2055.223836042196,1
0.755,1.147,1.0,152.862,13.745361253892165,62470.636,2419.068200672317,1
0.122,2.637,0.0,0.0,0.0,174.808,19.05862366489249,1
1.052,2.565,0.978,101.882,30.438398052459988,68918.178,6396.5147624558795,1
1.355,1.207,1.0,225.0,0.0,175.0,0.0,1
1.47,2.105,1.0,162.564,15.525395453900684,73720.832,2980.1078704932816,1
0.643,2.298,0.71,50.882,38.91035949461274,47268.176,14705.294084275363,1
1.127,1.522,1.0,170.686,11.59186801167094,63682.752,2984.066826077459,1
0.837,2.334,0.98,90.04,28.245466892936996,66706.622,4706.742137733488,1
1.428,1.682,1.0,192.71,8.467461248804153,47137.178,2459.3901704113564,1
0.576,0.282,1.0,225.0,0.0,175.0,0.0,1
1.345,0.77,1.0,225.0,0.0,175.0,0.0,1
0.895,1.315,1.0,158.51,12.973276378771862,62409.988,2518.2202715124026,1
0.718,0.8,1.0,202.31,6.419493749510159,34372.172,2086.797978342897,1
0.364,2.122,0.188,8.602,20.07773881690864,15791.316,12572.018977878774,1
1.264,1.943,1.0,152.934,15.329502405492489,70689.902,2595.4557219101234,1
1.451,0.438,1.0,225.0,0.0,175.0,0.0,1
1.138,2.256,1.0,126.848,18.26901464228435,96550.804,2367.723309338319,1
0.93,1.088,1.0,193.456,7.448762581798402,42885.21,2239.7444706707056,1
1.083,2.896,0.652,61.55,52.05538877003994,58437.78,21546.07406261289,1
1.002,2.676,0.774,72.124,46.17025691936314,61434.062,16540.955987673628,1
0.045,1.117,0.0,0.0,0.0,330.302,16.107600566192346,1
0.994,1.774,1.0,135.692,18.032114019160367,81696.43,4174.6245834925085,1
0.022,0.59,0.002,0.002,0.044676615807377355,452.586,28.67247118753457,1
0.681,0.165,1.0,225.0,0.0,175.0,0.0,1
0.674,0.22,1.0,225.0,0.0,175.0,0.0,1
1.48,1.234,1.0,225.0,0.0,175.0,0.0,1
0.573,0.253,1.0,225.0,0.0,175.0,0.0,1
0.64,0.147,1.0,225.0,0.0,175.0,0.0,1
0.528,2.506,0.15,8.346,22.083710829477912,18806.528,14015.193279909343,1
0.525,0.686,1.0,175.952,11.161079517681076,58998.544,2915.1798503804184,1
0.402,0.683,1.0,140.166,15.30733301395119,69693.976,3701.7349952993663,1
0.276,0.345,1.0,182.458,9.785307148986178,50794.554,2585.291682399493,1
0.78,1.596,1.0,120.696,19.117520341299496,81045.544,3556.640428278349,1
0.019,2.39,0.0,0.0,0.0,173.224,16.321943021589064,1
1.342,2.36,1.0,140.776,20.524663797490085,100343.43,2903.21879594012,1
0.597,2.282,0.716,49.044,37.058036429363064,45830.786,13333.363660239827,1
1.306,2.183,1.0,142.45,17.188819040294767,80851.69,3382.8847101105885,1
1.491,1.192,1.0,225.0,0.0,175.0,0.0,1
0.236,0.457,1.0,128.042,17.93656143189101,83843.574,4256.38308996312,1
1.132,1.155,1.0,220.746,2.479815315703974,12878.038,1338.905701144035,1
0.803,1.369,1.0,138.912,15.389225321633313,72829.894,4024.5768302722213,1
1.051,1.475,1.0,165.266,12.3985178146422,62885.998,2729.144402554764,1
0.12,0.448,0.994,69.71,22.04436209102001,45810.774,4387.410475773153,1
1.11,2.315,1.0,120.924,22.170931960564943,85961.712,2081.354526517767,1
0.037,1.026,0.0,0.0,0.0,343.57,15.559469785310808,1
0.515,2.012,0.904,61.764,29.329921650082873,49093.184,8354.968160450642,1
0.375,1.152,1.0,83.902,20.68710699928823,55219.492,3854.632135747327,1
0.607,2.58,0.262,16.116,30.296972522019427,28025.436,17426.875158498842,1
0.362,1.625,0.724,43.262,33.550221400163664,36356.182,10180.124947802753,1
0.892,0.151,1.0,225.0,0.0,175.0,0.0,1
1.231,1.476,1.0,190.162,8.162827696331707,48437.64,2565.67149931553,1
1.334,1.457,1.0,206.808,5.599565697444758,31779.866,2061.925032595511,1
0.006,0.985,0.0,0.0,0.0,341.56,16.495162927355402,1
0.123,1.585,0.0,0.0,0.0,302.904,186.99049918110813,1
0.625,1.397,1.0,110.996,19.614789930050232,65942.776,3330.9229480466824,1
1.432,0.36,1.0,225.0,0.0,175.0,0.0,1
0.777,1.97,1.0,99.106,22.7343520690606,66265.848,3202.2227900157104,1
0.489,1.55,1.0,80.252,20.923491486843204,53519.782,3528.182707638027,1
0.695,0.275,1.0,225.0,0.0,175.0,0.0,1
0.808,0.538,1.0,225.0,0.0,175.0,0.0,1
0.103,2.889,0.0,0.0,0.0,146.03,15.718050133524834,1
0.951,0.893,1.0,225.0,0.0,175.0,0.0,1
0.017,1.27,0.0,0.0,0.0,299.084,17.27602222735315,1
0.274,2.516,0.008,0.012,0.14091131963046832,1621.906,2998.961299044054,1
0.722,1.448,1.0,125.616,18.7181340950427,90492.642,3521.6758121434177,1
0.309,0.972,1.0,81.454,19.1994761386867,51887.384,3810.49171059904,1
0.872,1.193,1.0,168.34,12.004682419789372,61469.976,2589.2753572040187,1
0.664,3.095,0.0,0.0,0.0,168.066,16.75737580887891,1
0.68,1.314,1.0,128.558,17.07825037877124,85748.956,4262.587997691543,1
0.781,0.818,1.0,214.81,4.012218837501265,20526.946,1680.88286774659,1
0.433,2.02,0.546,30.226,32.46128346199515,31912.536,13662.404154785641,1
0.068,0.613,0.112,3.08,9.971439214075367,8467.528,4980.619563991613,1
0.671,2.72,0.342,23.408,35.73851614155238,32750.822,19056.418133382675,1
0.75,0.208,1.0,225.0,0.0,175.0,0.0,1
0.746,1.138,1.0,153.672,13.719636146778821,62246.11,2504.649653324792,1
0.858,0.415,1.0,225.0,0.0,175.0,0.0,1
0.224,1.692,0.08,2.5,10.054551208283739,5103.242,7182.9833122064265,1
0.527,0.295,1.0,225.0,0.0,175.0,0.0,1
0.96,1.045,1.0,207.15,5.504498160595569,29936.074,2033.2060949456156,1
0.969,2.677,0.73,70.062,49.32912077059554,62159.0,18347.995656964824,1
0.478,1.567,1.0,79.158,21.937662500822643,52106.358,3658.6254016824405,1
0.998,0.228,1.0,225.0,0.0,175.0,0.0,1
1.404,0.807,1.0,225.0,0.0,175.0,0.0,1
0.486,1.823,0.922,63.876,28.404728902068403,48879.406,7563.503678928437,1
1.004,0.983,1.0,225.0,0.0,175.0,0.0,1
0.107,0.551,0.778,40.002,27.778444808880142,31863.024,8794.162849039356,1
1.016,1.022,1.0,223.674,1.3235271058803442,5175.604,705.3891742747403,1
1.047,0.1,1.0,225.0,0.0,175.0,0.0,1
1.233,1.169,1.0,225.0,0.0,175.0,0.0,1
0.023,2.866,0.0,0.0,0.0,134.588,14.787368122826996,1
0.38,3.09,0.0,0.0,0.0,136.288,15.097584442552392,1
0.737,2.848,0.054,3.852,17.391552432143598,20145.51,15458.800498288992,1
1.036,1.141,1.0,204.96,6.14250763125289,32339.036,2025.3654422607294,1
0.123,0.96,0.208,7.452,16.604327628663558,11693.538,6736.403723987748,1
1.117,0.233,1.0,225.0,0.0,175.0,0.0,1
0.314,0.312,1.0,225.0,0.0,175.0,0.0,1
0.332,2.945,0.002,0.002,0.044676615807377355,1323.704,1968.7741496636938,1
0.27,1.253,0.774,42.592,29.199889314858712,34830.028,8578.771195178013,1
1.182,0.197,1.0,225.0,0.0,175.0,0.0,1
0.2,1.65,0.06,1.47,7.040532650304237,3107.688,5412.099676711063,1
0.975,1.131,1.0,195.136,7.864191248946073,41638.922,2239.3374966529723,1
1.107,0.852,1.0,225.0,0.0,175.0,0.0,1
1.353,2.742,1.0,125.772,21.366703442506054,101705.61,1408.6314059753176,1
1.059,1.527,1.0,161.85,13.587328655773364,63535.676,2470.281419398203,1
1.02,0.335,1.0,225.0,0.0,175.0,0.0,1
0.927,1.293,1.0,166.124,12.29669158757753,61879.864,2771.454266897435,1
0.877,0.3,1.0,225.0,0.0,175.0,0.0,1
0.57,0.679,1.0,190.618,8.332831211539089,45028.284,2336.029491111788,1
0.282,1.82,0.19,7.786,18.558669241085145,11526.346,10836.136888498779,1
0.126,0.428,0.998,73.872,20.36594255122998,47310.552,3885.282126602391,1
0.941,2.219,1.0,108.876,23.90800334616005,74275.68,2409.51999817391,1
0.405,1.42,0.994,73.886,21.860215095007643,47810.192,4064.0746601331034,1
1.019,0.265,1.0,225.0,0.0,175.0,0.0,1
0.247,0.656,1.0,94.286,20.036372026891495,56299.796,3495.706333544624,1
0.059,1.852,0.0,0.0,0.0,233.566,17.26701027972127,1
0.705,2.683,0.15,10.512,27.590611736603446,25874.788,17804.607859850665,1
0.748,1.821,1.0,100.332,21.684597667468953,63562.922,3253.8812719452444,1
1.488,2.706,1.0,139.284,22.055460639034496,106449.082,1204.9802103254642,1
1.189,2.974,0.562,55.252,54.20446933602431,53435.988,21697.332995275156,1
0.445,1.469,1.0,78.0,21.9441108272812,50892.666,3783.2460272157823,1
0.081,0.245,1.0,82.492,20.088552361979694,56361.06,3920.839695830474,1
0.235,1.274,0.526,25.21,28.457440151918092,25327.558,10008.734009585629,1
0.171,1.257,0.212,6.45,14.651126236573077,11362.92,7976.485234587976,1
0.831,2.368,0.98,86.866,28.27663424101249,67674.536,5285.194586456018,1
1.488,1.781,1.0,190.576,9.191094820531447,51258.32,2592.240812424648,1
0.247,1.108,0.814,47.436,30.34906759688014,36034.424,8432.952442426318,1
0.026,2.498,0.0,0.0,0.0,166.118,17.248306467592695,1
0.134,2.85,0.0,0.0,0.0,160.582,83.84313493661841,1
0.208,0.479,1.0,105.764,17.610232934291357,61888.704,3415.1183394406703,1
0.059,2.583,0.0,0.0,0.0,165.204,15.639129899070474,1
0.209,2.919,0.0,0.0,0.0,227.84,280.5114585894844,1
0.136,2.614,0.0,0.0,0.0,186.388,76.5577785466637,1
0.16,0.315,1.0,127.404,17.555876053333254,86268.852,4236.995212895101,1
0.253,0.507,1.0,126.022,17.212829982312613,88317.22,3786.141912237311,1
0.635,2.718,0.084,5.43,20.18764721308553,19162.062,14686.797976215103,1
1.487,0.763,1.0,225.0,0.0,175.0,0.0,1
0.782,0.898,1.0,197.892,7.071940044994725,39950.642,2325.452800173764,1
0.918,0.586,1.0,225.0,0.0,175.0,0.0,1
1.01,2.798,0.704,63.48,48.55163848934452,60843.748,19065.386968968032,1
0.76,2.232,0.998,87.53,23.838898883966934,65612.264,2928.772254427442,1
0.111,1.587,0.0,0.0,0.0,286.788,181.47078843714766,1
1.08,2.244,1.0,121.456,20.36840847980028,86723.538,2516.663238607025,1
1.077,3.031,0.0,0.0,0.0,281.122,16.76040321710668,1
1.037,2.856,0.702,61.288,46.18775872457984,60592.64,19737.52062895439,1
0.614,1.361,1.0,110.258,19.612736576011006,66042.752,3473.761642153359,1
1.151,1.775,1.0,152.486,14.874737106920579,68569.672,2696.163115320733,1
0.027,1.164,0.0,0.0,0.0,318.67,16.043724629898133,1
0.478,0.242,1.0,225.0,0.0,175.0,0.0,1
0.103,0.723,0.334,12.486,19.864687362251637,16718.11,8238.348730777303,1
0.038,2.985,0.0,0.0,0.0,128.67,14.664006955808498,1
0.349,0.104,1.0,225.0,0.0,175.0,0.0,1
0.209,2.252,0.002,0.02,0.4467661580737735,633.212,1585.5873407214124,1
1.079,1.22,1.0,199.86,6.543729823273573,37766.774,2266.344651398811,1
1.462,2.702,1.0,140.554,22.227529867261453,106735.17,1037.8130646219483,1
1.03,0.401,1.0,225.0,0.0,175.0,0.0,1
0.569,2.705,0.042,1.982,10.456848282345883,14299.768,11491.283047169973,1
0.705,2.241,0.968,79.006,29.26250098675778,60141.102,6340.716480619205,1
1.269,3.032,0.0,0.0,0.0,299.16,13.536410159270442,1
0.012,2.964,0.0,0.0,0.0,126.126,15.38369669487799,1
0.15,0.11,1.0,225.0,0.0,175.0,0.0,1
0.029,0.123,0.95,59.248,24.094864515078726,40062.572,5662.64248287105,1
1.153,2.659,0.996,105.414,30.359621275635178,70116.726,2450.0478156403396,1
1.239,1.011,1.0,225.0,0.0,175.0,0.0,1
0.854,1.315,1.0,152.302,13.8323821520373,63314.794,2717.3568774756104,1
0.545,1.581,1.0,88.3,21.67473183225112,60954.586,3804.174466898699,1
1.492,0.68,1.0,225.0,0.0,175.0,0.0,1
1.391,1.894,1.0,170.018,12.401680370014379,70142.99,2952.818177588996,1
0.443,0.453,1.0,220.152,2.6481873045538147,11610.102,1205.7566900482036,1
0.89,0.789,1.0,225.0,0.0,175.0,0.0,1
1.065,3.018,0.0,0.0,0.0,299.61,14.337848513636905,1
1.374,3.014,0.0,0.0,0.0,346.784,14.396712958172083,1
0.054,1.935,0.0,0.0,0.0,223.312,17.154785221622564,1
1.078,0.965,1.0,225.0,0.0,175.0,0.0,1
1.288,1.252,1.0,225.0,0.0,175.0,0.0,1
1.131,1.098,1.0,225.0,0.0,175.0,0.0,1
1.065,2.286,1.0,115.918,22.919495544186834,81992.002,2327.2236209689863,1
0.538,1.565,1.0,88.506,21.535040376094027,60790.518,3791.826555326074,1
0.282,0.111,1.0,225.0,0.0,175.0,0.0,1
0.365,0.391,1.0,210.402,4.704508050795535,24465.054,1910.0869171542954,1
1.386,2.428,1.0,140.242,20.554888372355613,100999.88,2798.58430668079,1
0.428,0.593,1.0,166.57,11.531222831946314,60016.242,2557.811847543912,1
0.472,1.107,1.0,105.894,18.32579504414474,60947.752,3140.071019339531,1
1.078,2.359,1.0,113.944,24.691554507563918,81360.876,2222.1447659016276,1
0.793,0.262,1.0,225.0,0.0,175.0,0.0,1
0.26,1.891,0.072,2.438,10.554911463389923,5126.288,7326.054327197962,1
1.262,2.341,1.0,134.884,20.867835153652138,99786.57,2092.4171833312785,1
0.493,1.66,0.996,75.644,22.367862302866584,51692.986,4187.363305208183,1
1.296,2.635,1.0,128.028,21.55892427743091,100733.864,1584.6088948078007,1
0.738,1.495,1.0,123.116,18.560995231937323,84508.734,3673.8517513971624,1
0.323,0.84,1.0,94.626,17.976154316204564,56940.682,3543.244360311041,1
1.134,3.036,0.0,0.0,0.0,279.732,16.50721587670071,1
0.364,2.883,0.002,0.012,0.2680596948442641,2338.888,3149.4898589225527,1
1.229,1.617,1.0,175.534,11.202358858740421,65952.378,3707.533125289105,1
1.277,3.098,0.0,0.0,0.0,223.89,19.045049225454893,1
1.448,2.074,1.0,163.396,15.515385396437951,73340.0,2771.2629878811576,1
0.2,1.553,0.098,2.892,10.66097256351408,5465.29,7095.934509696379,1
1.266,2.351,1.0,136.36,21.320750455835274,100099.524,2087.419954255492,1
1.419,0.758,1.0,225.0,0.0,175.0,0.0,1
1.458,1.383,1.0,225.0,0.0,175.0,0.0,1
0.187,0.816,0.918,54.524,25.697498399649717,39019.342,6347.301070930542,1
0.815,0.134,1.0,225.0,0.0,175.0,0.0,1
0.814,0.557,1.0,225.0,0.0,175.0,0.0,1
1.255,1.141,1.0,225.0,0.0,175.0,0.0,1
0.27,2.006,0.064,2.148,10.038231716791557,4892.82,7436.144446660514,1
0.62,1.886,1.0,84.81,23.834300912760163,61825.242,3038.0955790488224,1
0.433,1.448,1.0,77.192,22.31571500086878,49830.2,3866.5629052169834,1
0.453,2.298,0.278,15.506,27.430821424084257,22325.176,14865.71095255871,1
1.35,2.229,1.0,144.218,16.8330174359798,79284.616,3197.333657994423,1
0.333,2.199,0.076,3.062,12.049653770959564,8316.308,9532.47163064942,1
1.401,0.318,1.0,225.0,0.0,175.0,0.0,1
0.916,2.284,0.994,99.99,26.577469781753113,68729.392,3689.933806226881,1
1.291,0.884,1.0,225.0,0.0,175.0,0.0,1
0.257,0.569,1.0,111.744,18.25043736462225,65044.086,3515.971149853764,1
1.074,2.526,0.998,104.024,27.027974840894018,71943.75,2229.607683764119,1
0.027,1.654,0.0,0.0,0.0,247.514,17.089581738591498,1
0.426,2.918,0.002,0.066,1.474328321643452,3671.858,4595.228744016558,1
0.631,1.24,1.0,126.914,17.11182643670745,88710.728,4202.240351290726,1
0.22,1.411,0.31,12.628,21.426843351273188,16404.936,9727.652862222418,1
0.032,2.528,0.0,0.0,0.0,164.228,15.550691817407996,1
1.113,0.641,1.0,225.0,0.0,175.0,0.0,1
0.123,0.13,1.0,213.224,4.081889758432974,16562.792,1502.2987361826542,1
0.173,1.205,0.262,10.116,19.331904820787837,14386.088,8561.343172204699,1
1.192,2.96,0.372,38.956,54.510751820168466,46489.81,24442.784963049933,1
1.146,1.894,1.0,143.558,16.475759041695166,74864.046,3279.018994132849,1
1.057,0.471,1.0,225.0,0.0,175.0,0.0,1
0.463,1.746,0.96,66.026,25.507436641105276,48767.86,6205.151023174214,1
0.25,2.587,0.004,0.006,0.09981983770774225,894.524,1716.3204763167046,1
1.291,2.677,1.0,120.768,24.52709065502878,94478.276,1587.3272025086699,1
1.034,0.277,1.0,225.0,0.0,175.0,0.0,1
1.417,0.846,1.0,225.0,0.0,175.0,0.0,1
0.592,1.385,1.0,104.496,19.674399203025235,61759.022,3229.546290969677,1
1.34,0.637,1.0,225.0,0.0,175.0,0.0,1
0.875,2.762,0.166,13.568,32.64734868255001,29106.762,19945.111300801407,1
0.312,2.904,0.006,0.012,0.189356806056714,1175.462,1839.6521814071268,1
0.412,0.161,1.0,225.0,0.0,175.0,0.0,1
0.096,2.671,0.0,0.0,0.0,164.554,16.563788334798293,1
0.721,0.931,1.0,177.77,11.444347949970764,57456.986,2839.7899946658026,1
0.392,1.146,1.0,86.036,20.019258327920145,58814.978,4094.427317405451,1
0.91,0.341,1.0,225.0,0.0,175.0,0.0,1
0.679,1.966,1.0,88.994,23.728421017842713,64676.718,2946.496591288712,1
1.369,1.275,1.0,225.0,0.0,175.0,0.0,1
1.205,2.51,1.0,122.338,24.85058864493958,88152.036,1668.5566093794962,1
0.463,1.824,0.956,62.944,24.326464272474947,48716.552,6349.400912786655,1
1.427,0.37,1.0,225.0,0.0,175.0,0.0,1
0.846,0.735,1.0,225.0,0.0,175.0,0.0,1
0.163,2.131,0.0,0.0,0.0,290.182,425.49239814125934,1
0.693,0.321,1.0,225.0,0.0,175.0,0.0,1
1.473,0.52,1.0,225.0,0.0,175.0,0.0,1
0.535,3.018,0.0,0.0,0.0,212.168,17.739215766205675,1
1.067,0.366,1.0,225.0,0.0,175.0,0.0,1
1.21,2.975,0.398,38.248,51.271107809369596,47830.676,24192.187706592886,1
0.885,0.488,1.0,225.0,0.0,175.0,0.0,1
0.083,2.966,0.0,0.0,0.0,136.602,15.589342385103997,1
1.04,2.128,1.0,121.71,19.668805250955128,88110.322,2831.3712258049104,1
0.329,2.912,0.0,0.0,0.0,1362.256,1931.829416502399,1
0.072,2.744,0.0,0.0,0.0,153.536,15.895052815262993,1
1.413,0.538,1.0,225.0,0.0,175.0,0.0,1
1.185,2.406,1.0,124.668,21.075905105119446,94944.31,2037.2447722107424,1
0.619,2.489,0.558,36.09,37.34211965060366,40325.6,16361.676577783832,1
1.377,0.334,1.0,225.0,0.0,175.0,0.0,1
1.274,1.71,1.0,172.746,12.53353437782017,68219.582,3413.2118216243184,1
0.41,2.365,0.096,4.27,14.1722651682785,12840.058,11619.408686961484,1
0.402,0.794,1.0,126.004,17.952492417489,88533.878,4019.0422216140005,1
1.435,2.549,1.0,138.792,21.26943196232565,104234.428,1782.1079038082962,1
0.363,0.739,1.0,122.372,18.44422988362485,80755.524,3790.4828612492106,1
0.2,2.589,0.002,0.002,0.044676615807377355,358.11,669.9743352547171,1
0.221,1.6,0.146,5.256,14.660097680438556,8276.77,8841.703429831834,1
0.685,2.594,0.234,16.302,31.807275834311874,29074.704,18362.48649449153,1
0.125,2.585,0.0,0.0,0.0,184.854,68.56947341200748,1
0.005,1.13,0.0,0.0,0.0,316.9,16.17213653170168,1
1.459,2.275,1.0,150.234,16.983499168310402,77216.586,2681.938149660428,1
0.492,2.836,0.004,0.122,2.5524725267865276,6589.718,6900.470591668078,1
0.134,2.638,0.0,0.0,0.0,184.52,85.51737601212984,1
0.681,1.731,1.0,97.212,20.154182097023934,61701.006,3186.3994121836013,1
1.207,0.343,1.0,225.0,0.0,175.0,0.0,1
0.674,2.766,0.162,10.074,25.264372622331233,23397.042,17047.52825204393,1
1.107,0.212,1.0,225.0,0.0,175.0,0.0,1
1.373,2.863,1.0,118.36,28.075369988657318,82011.102,1446.1096513044922,1
1.3,2.118,1.0,145.226,17.29123835935414,75239.03,2843.7681644430863,1
1.25,2.598,1.0,122.796,25.22654126114002,90381.426,1639.9929379494292,1
0.519,1.512,1.0,87.928,22.4513433005689,60576.138,3784.919401381752,1
0.079,0.697,0.11,3.498,11.756274750106854,8487.042,4904.186129036703,1
0.228,2.37,0.002,0.002,0.044676615807377355,790.998,1807.5010600262453,1
0.893,2.224,1.0,101.898,25.17807768674964,69293.56,2461.2725038889944,1
1.279,2.121,1.0,142.73,17.185956476146448,77179.01,3046.245732356469,1
1.207,2.696,0.998,109.978,29.291867745160943,71681.236,3152.486370518356,1
0.41,1.467,0.986,71.752,22.175267664675438,47463.016,5291.323116172741,1
0.85,1.144,1.0,170.362,11.932265333959014,61563.89,2824.375626912964,1
0.262,2.946,0.004,0.004,0.063118935352238,510.356,905.8464004807879,1
0.459,1.571,0.996,73.968,23.687612289971312,50044.162,3896.672945957359,1
1.372,2.552,1.0,136.726,22.8438815440809,101911.72,1285.3622297235904,1
0.549,3.099,0.0,0.0,0.0,152.818,16.990611407480312,1
0.367,2.66,0.02,0.592,5.190138341123482,4403.886,5338.239091030299,1
1.021,2.777,0.744,70.614,48.58988581999344,62554.1,17699.890365818654,1
1.104,2.899,0.308,27.75,45.95932440756718,39316.336,23558.788448031533,1
1.054,0.123,1.0,225.0,0.0,175.0,0.0,1
0.975,2.793,0.676,64.528,50.83161630324182,60482.802,19740.088482040705,1
0.313,2.335,0.026,1.08,8.0180795705705,4111.29,6012.264965709678,1
0.919,1.714,1.0,130.72,18.17211049933386,84928.524,4129.1781493929275,1
0.608,0.11,1.0,225.0,0.0,175.0,0.0,1
1.174,1.775,1.0,153.514,15.379525480326109,68159.156,2721.601324893857,1
0.735,0.503,1.0,225.0,0.0,175.0,0.0,1
0.769,1.236,1.0,145.576,14.249639434034814,65227.328,2672.715164849408,1
0.159,0.935,0.56,23.816,25.495453398596382,24377.334,9189.605419083236,1
0.791,2.43,0.878,76.29,38.64605930751543,61164.216,11867.021860152783,1
0.064,0.201,1.0,80.882,19.810908005439835,51735.502,3970.4349426726535,1
0.197,1.253,0.362,15.052,22.505050455397786,19011.08,8751.286146253018,1
1.153,1.976,1.0,138.284,18.159827752487082,80323.532,3797.6296045001545,1
0.077,0.743,0.09,2.092,8.138030228501243,6193.548,4195.942704053048,1
1.403,1.374,1.0,225.0,0.0,175.0,0.0,1
0.556,1.664,1.0,86.378,21.066730073744242,62584.122,3465.3306692314372,1
0.95,0.194,1.0,225.0,0.0,175.0,0.0,1
1.407,1.166,1.0,225.0,0.0,175.0,0.0,1
0.691,0.386,1.0,225.0,0.0,175.0,0.0,1
0.85,2.285,0.998,94.882,26.223883694067894,66178.692,2708.7670843274805,1
1.086,1.325,1.0,186.508,9.309024438683142,49753.506,2529.1492676321022,1
0.408,3.036,0.0,0.0,0.0,168.594,16.617977133213294,1
0.824,0.889,1.0,209.066,5.284093488953427,27824.764,1872.399448916817,1
0.405,2.792,0.002,0.002,0.044676615807377355,3777.824,4396.705380739537,1
0.846,1.496,1.0,136.35,17.283156540400828,77234.812,4282.0089145932425,1
0.525,1.946,0.906,64.39,30.028151791277466,50196.82,7802.678405752733,1
1.434,0.236,1.0,225.0,0.0,175.0,0.0,1
0.997,2.021,1.0,123.428,18.285645080226182,88465.048,3245.019163841101,1
1.232,3.011,0.0,0.0,0.0,324.862,13.019176471651345,1
0.417,2.696,0.012,0.534,5.837537494526266,5600.132,6236.039178723623,1
0.928,2.638,0.664,60.228,48.532710783552986,58586.322,20379.17270819196,1
1.329,0.698,1.0,225.0,0.0,175.0,0.0,1
0.093,1.26,0.0,0.0,0.0,333.924,146.64504841282573,1
0.291,0.668,1.0,109.156,18.669324144167618,62660.378,3246.8477277377824,1
0.288,0.499,1.0,137.908,15.057607246837062,70539.41,3748.352958020362,1
0.913,0.541,1.0,225.0,0.0,175.0,0.0,1
0.139,3.082,0.0,0.0,0.0,114.04,13.951573387973129,1
1.303,2.684,1.0,121.3,23.51072095874561,96611.33,1580.926455310303,1
0.765,1.394,1.0,132.932,17.119911682015186,78356.022,4384.666282571115,1
0.895,0.852,1.0,225.0,0.0,175.0,0.0,1
0.814,1.681,1.0,119.234,19.883944377311057,79502.666,3402.06864987231,1
0.164,0.665,0.986,65.128,21.449000349666647,44465.806,4872.833782960794,1
1.365,2.104,1.0,151.736,15.710324757941828,73431.164,2612.254346173818,1
1.268,2.207,1.0,139.416,19.037724233741805,92163.846,3986.2272823164512,1
0.451,2.287,0.278,14.95,26.931533561978977,22914.868,14353.988915231055,1
0.292,2.704,0.01,0.134,1.8231960947742292,1345.606,2435.521258943145,1
1.178,0.512,1.0,225.0,0.0,175.0,0.0,1
1.284,1.967,1.0,153.35,14.819564770937099,70936.836,2453.5863321073502,1
0.883,0.652,1.0,225.0,0.0,175.0,0.0,1
0.205,2.311,0.0,0.0,0.0,533.172,1167.886123907635,1
1.188,0.811,1.0,225.0,0.0,175.0,0.0,1
0.187,2.18,0.004,0.004,0.063118935352238,424.694,869.0960846557762,1
1.072,0.646,1.0,225.0,0.0,175.0,0.0,1
0.568,2.305,0.66,42.55,36.3687709443143,41792.906,13963.197111591742,1
0.589,0.908,1.0,150.896,13.562786734296163,62131.002,2508.169511415845,1
0.463,1.737,0.952,67.39,26.75021308326347,48789.088,6252.764497744657,1
0.859,1.827,1.0,116.346,19.870638741620766,75421.246,3125.323985362798,1
0.838,2.678,0.262,22.19,39.568900667064284,34511.502,20805.724715327655,1
0.44,1.147,1.0,95.038,19.170199685970932,57133.582,3482.8690126497727,1
0.113,2.095,0.0,0.0,0.0,222.936,21.802016053567154,1
0.715,2.165,0.996,85.508,24.394301301738487,63724.652,3012.931671793438,1
0.65,0.376,1.0,225.0,0.0,175.0,0.0,1
0.325,1.158,0.994,73.472,22.682531075697877,46451.768,4270.728794734689,1
0.488,2.101,0.588,36.496,34.54785064226138,36495.492,14011.41734778948,1
0.582,2.915,0.108,5.784,18.098545355911895,16484.882,14251.080360171854,1
0.702,0.472,1.0,225.0,0.0,175.0,0.0,1
0.71,0.476,1.0,225.0,0.0,175.0,0.0,1
1.257,2.872,0.108,11.54,34.785864945405635,29050.388,20769.48089022583,1
0.433,1.21,1.0,89.054,18.89145531715331,57591.496,3912.738806767454,1
0.195,0.339,1.0,137.074,16.34259844700346,70542.714,3709.8339774448127,1
0.934,2.719,0.752,67.59,46.36638760999178,61829.98,18495.085658509397,1
0.974,2.205,1.0,109.68,23.602576130583714,77074.97,2534.4765299958885,1
0.084,2.13,0.0,0.0,0.0,211.258,17.538626970204938,1
1.107,2.008,1.0,135.21,17.278249332614692,89667.374,3564.3403864002667,1
0.212,1.85,0.024,0.602,4.817841425368834,1615.606,3631.506779666534,1
0.549,2.376,0.296,17.898,30.827708250857704,28523.828,16559.3740413826,1
1.094,0.572,1.0,225.0,0.0,175.0,0.0,1
0.812,1.996,1.0,100.634,23.236523922480316,66664.404,3000.5158457811885,1
0.69,0.453,1.0,225.0,0.0,175.0,0.0,1
0.512,0.719,1.0,164.692,12.260388900846499,60660.604,2586.4750312315023,1
1.246,2.862,0.092,9.424,31.627776146925026,28826.066,19684.262242452573,1
1.113,0.262,1.0,225.0,0.0,175.0,0.0,1
0.049,2.174,0.0,0.0,0.0,199.132,17.28972457848881,1
1.079,2.841,0.444,40.146,50.69320155602721,48590.19,22738.943109869906,1
1.423,2.305,1.0,145.92,17.403838657031958,79842.426,2867.367814655804,1
0.657,2.633,0.43,29.232,36.83664175790187,36622.922,18656.847419645044,1
0.306,1.771,0.396,18.888,27.148544270365583,20206.44,12681.985096285203,1
1.499,2.272,1.0,155.218,16.70336720544693,76096.198,2521.143965503755,1
0.358,1.685,0.704,40.382,32.83345970195648,33965.03,11456.650624554282,1
1.242,0.496,1.0,225.0,0.0,175.0,0.0,1
0.368,0.864,1.0,107.094,19.110341807513542,60900.174,3358.614282665397,1
1.039,2.291,1.0,113.882,23.578466362340027,79981.304,2292.574317134343,1
0.842,3.042,0.0,0.0,0.0,234.47,16.976368869696486,1
1.147,2.753,0.458,45.784,53.90296229336566,50442.876,21972.894163869812,1
0.609,1.1,1.0,132.726,16.009338649675694,75467.208,4319.09438386521,1
0.894,2.612,0.918,80.642,34.630822052039136,67985.182,10782.078148709366,1
1.23,1.372,1.0,202.11,6.179797731317749,35647.342,2122.2205448623854,1
1.298,0.821,1.0,225.0,0.0,175.0,0.0,1
0.2,1.502,0.132,4.66,13.518890487018528,8060.564,7965.930285026601,1
1.325,0.274,1.0,225.0,0.0,175.0,0.0,1
1.457,0.457,1.0,225.0,0.0,175.0,0.0,1
0.017,0.149,0.142,3.982,11.161795375296935,9048.536,4901.421906824999,1
0.245,2.553,0.006,0.006,0.07722693830523131,775.968,1358.4852060202938,1
0.041,2.848,0.0,0.0,0.0,139.78,15.503664083048237,1
0.104,0.129,1.0,183.952,9.527523077904352,46530.474,2452.986584823488,1
0.096,1.038,0.056,1.068,6.651870112983265,2342.044,2980.1131934985287,1
0.135,2.528,0.0,0.0,0.0,189.826,45.36615174334275,1
0.507,2.896,0.004,0.058,1.251653306630874,5524.456,5836.1943781940645,1
1.056,2.621,0.914,93.414,39.13436602271717,65707.886,11342.710798438087,1
0.89,2.913,0.002,0.002,0.044676615807377355,9751.576,8180.321588313262,1
0.423,0.768,1.0,131.51,16.96201344180578,75330.848,4105.65035395076,1
0.644,0.406,1.0,225.0,0.0,175.0,0.0,1
0.474,1.27,1.0,94.496,21.252622991056892,57469.76,3629.705194971074,1
0.811,0.482,1.0,225.0,0.0,175.0,0.0,1
1.488,1.063,1.0,225.0,0.0,175.0,0.0,1
1.108,1.34,1.0,187.642,9.146684426610552,48777.202,2473.4293313527273,1
1.059,0.346,1.0,225.0,0.0,175.0,0.0,1
1.162,1.361,1.0,193.73,7.850675130203771,43835.368,2362.3137125657126,1
1.124,2.944,0.218,19.83,40.66060870178901,35232.024,22656.163578581083,1
0.292,0.14,1.0,225.0,0.0,175.0,0.0,1
0.01,0.859,0.0,0.0,0.0,367.488,16.769312925698536,1
0.977,2.133,1.0,114.636,21.73944580710373,77831.98,2710.4091690370296,1
1.427,2.496,1.0,140.168,21.06009914506577,99475.16,2751.84742789276,1
0.342,2.797,0.006,0.044,0.8955802588266447,2230.094,3289.865393775861,1
0.426,2.114,0.47,24.682,30.058757060131413,28723.304,14804.440028436873,1
1.153,0.619,1.0,225.0,0.0,175.0,0.0,1
0.151,2.742,0.002,0.004,0.08935323161475471,176.414,64.65869318196897,1
0.54,1.708,0.998,80.888,22.920372073768785,55378.084,3862.081938662617,1
1.419,1.735,1.0,186.154,9.56045417331206,54085.918,2616.0669936521117,1
0.384,1.703,0.734,43.598,32.17328699402658,36753.742,11558.77286373584,1
0.92,2.02,1.0,114.334,22.026130935777168,74882.17,2704.9871092299127,1
1.304,0.819,1.0,225.0,0.0,175.0,0.0,1
1.325,1.722,1.0,177.932,11.69133764801958,65185.126,3544.3014942473505,1
0.585,2.441,0.464,30.282,36.646779885823534,35198.626,16414.775643002984,1
0.464,1.32,1.0,89.598,21.86422639838876,58300.95,3735.9696630861445,1
0.026,2.701,0.0,0.0,0.0,147.164,15.45344958253658,1
0.736,0.861,1.0,194.242,7.866094075206576,42470.446,2187.161349119904,1
0.851,2.576,0.912,80.324,35.90642037296394,65611.444,11136.930589478594,1
0.938,1.035,1.0,204.514,5.902016943384693,32713.45,2040.4666465051566,1
1.106,1.442,1.0,175.28,10.773188942926788,61536.024,3373.5943833579045,1
0.31,2.34,0.024,0.914,6.440388497598573,4338.662,6063.7725544215455,1
1.3,0.915,1.0,225.0,0.0,175.0,0.0,1
0.112,1.692,0.0,0.0,0.0,272.032,95.7992430867802,1
0.883,0.886,1.0,224.614,0.6789727535034084,1287.706,244.15475331027244,1
0.794,2.095,1.0,94.534,22.98853723054166,67096.308,2854.405122812107,1
0.192,1.67,0.018,0.278,2.5985988532284083,1595.116,3331.8576546041095,1
0.186,1.343,0.234,7.724,16.382302158121735,12035.276,8448.74933489117,1
0.742,2.114,1.0,91.006,23.375156983430077,65646.678,2631.579686484147,1
0.356,2.883,0.004,0.004,0.063118935352238,2254.054,3414.200914867782,1
0.725,2.574,0.39,28.474,39.98016163048869,36006.226,17503.981785723045,1
0.963,2.776,0.694,63.412,48.725006475115016,60139.324,20573.164219706796,1
1.237,1.282,1.0,217.216,3.4335614163722195,18370.39,1676.410092399828,1
0.142,2.053,0.0,0.0,0.0,247.398,156.1135471251614,1
0.957,2.791,0.608,56.084,50.40731042219968,57026.392,20751.986281277656,1
1.22,2.648,1.0,115.682,27.08898071172114,79923.628,1600.5797017380921,1
1.236,2.778,0.882,94.364,43.656059189991026,64734.368,13504.504484525747,1
1.416,1.04,1.0,225.0,0.0,175.0,0.0,1
1.069,3.023,0.0,0.0,0.0,293.526,13.936187570494306,1
0.147,2.734,0.002,0.004,0.08935323161475471,177.442,62.603886748348145,1
0.422,0.445,1.0,214.036,4.102524101087037,20808.236,1788.5662650022225,1
0.263,2.342,0.006,0.036,0.6772769005362578,1758.806,3493.597470854935,1
0.609,0.1,1.0,225.0,0.0,175.0,0.0,1
0.34,2.317,0.062,2.396,11.293324754030586,7388.056,8697.844221924417,1
0.421,2.864,0.014,0.224,2.512732377313589,3459.552,4378.438706125278,1
1.405,1.071,1.0,225.0,0.0,175.0,0.0,1
0.368,2.461,0.038,1.348,7.862244972016581,7225.474,8305.529494338334,1
0.104,0.787,0.268,9.308,17.697489539479886,13339.136,6965.499435180796,1
0.222,0.997,0.848,48.736,28.271651950319423,36657.31,7952.459119410801,1
0.203,1.875,0.012,0.32,3.2232902444551903,1252.694,2923.8353148500005,1
0.112,2.205,0.0,0.0,0.0,211.362,30.842356524753427,1
0.238,0.174,1.0,225.0,0.0,175.0,0.0,1
1.343,3.032,0.0,0.0,0.0,316.616,15.363871387121153,1
1.429,1.251,1.0,225.0,0.0,175.0,0.0,1
1.064,2.558,0.996,103.476,26.820988497816405,70043.198,2168.5980408540445,1
1.493,0.795,1.0,225.0,0.0,175.0,0.0,1
0.442,0.37,1.0,225.0,0.0,175.0,0.0,1
0.245,0.877,0.998,70.466,20.273846305030528,46206.512,3885.2000095047874,1
1.014,2.714,0.734,69.51,48.80780572818245,60643.244,18219.52893519654,1
0.839,2.934,0.008,0.7,7.954747010433455,14426.482,11728.014305315115,1
0.188,2.523,0.0,0.0,0.0,319.776,591.5133150014461,1
0.683,1.935,1.0,90.238,22.119072222857813,64307.466,3011.1251466593017,1
0.705,2.948,0.0,0.0,0.0,6283.214,5596.749137151316,1
0.916,0.755,1.0,225.0,0.0,175.0,0.0,1
0.243,2.26,0.002,0.038,0.8488557003401694,1423.794,2831.785352664287,1
0.659,2.891,0.0,0.0,0.0,8880.29,8136.828987382001,1
0.401,1.62,0.944,60.272,25.363399141282308,46006.18,6262.118586516866,1
0.353,1.956,0.324,15.622,24.835682313961097,19402.202,13517.657946449006,1
1.339,2.434,1.0,136.928,21.487550255903997,102594.594,1593.5969393682956,1
1.499,1.23,1.0,225.0,0.0,175.0,0.0,1
0.244,2.521,0.004,0.042,0.8533674472347769,896.468,1717.6318793548285,1
1.099,2.987,0.58,52.848,51.05264827606889,57389.25,22156.00783623936,1
0.394,0.71,1.0,132.466,15.554704883089231,74338.718,4141.131868761969,1
0.38,2.164,0.176,7.894,19.436737483435845,15274.51,12499.250812824741,1
0.287,2.237,0.026,0.824,5.805947295661579,3366.658,5418.309294331212,1
1.113,2.422,1.0,115.96,24.980600473167172,82454.642,1962.5334213296853,1
0.022,2.823,0.0,0.0,0.0,136.746,15.603508707979755,1
0.903,2.841,0.09,7.516,25.78320662757059,21010.718,16414.271884505753,1
0.505,0.757,1.0,155.19,13.141305110224021,61771.018,2567.9486540186117,1
0.286,0.243,1.0,225.0,0.0,175.0,0.0,1
0.906,2.71,0.942,85.938,32.153913540967295,68677.222,9491.65163376301,1
1.061,2.668,0.742,74.86,50.714774967458936,58402.592,17251.31288944514,1
0.136,1.155,0.118,3.112,10.200953680906506,7347.362,6014.703811407175,1
0.855,2.707,0.254,20.43,37.981378332019496,34705.132,20940.868337740343,1
0.221,0.579,1.0,95.666,19.66973421274421,56812.474,3392.1959096319893,1
0.419,0.608,1.0,160.548,12.023630732852702,60984.09,2462.120293141665,1
0.496,2.809,0.01,0.578,5.89202138488991,7417.36,7125.92902591655,1
1.392,1.382,1.0,225.0,0.0,175.0,0.0,1
0.019,1.15,0.0,0.0,0.0,317.55,15.772491876682011,1
0.042,1.949,0.0,0.0,0.0,219.106,17.309961409546816,1
0.6,2.787,0.03,1.592,9.848935780072892,12165.764,11278.590393675266,1
0.492,1.813,0.958,69.266,25.64642750949925,49712.84,6198.283705220341,1
0.499,2.906,0.004,0.196,3.3414942765176185,5990.38,6525.303666159912,1
0.632,2.06,0.966,77.378,27.819833141124334,57360.734,4871.497017062003,1
1.249,0.986,1.0,225.0,0.0,175.0,0.0,1
0.95,1.547,1.0,144.58,15.398948016017197,68577.076,3111.193562963256,1
1.044,0.971,1.0,225.0,0.0,175.0,0.0,1
1.449,0.159,1.0,225.0,0.0,175.0,0.0,1
1.164,2.203,1.0,132.302,19.02679153194253,94878.898,2628.1103872546905,1
1.177,2.552,1.0,116.14,26.95471016353172,82576.77,1748.5714869858768,1
0.892,2.962,0.004,0.146,3.0875044939238565,9781.632,8780.85578133339,1
0.36,2.811,0.008,0.096,2.0116619994422518,2233.732,3088.9053355802275,1
1.464,0.647,1.0,225.0,0.0,175.0,0.0,1
1.313,0.974,1.0,225.0,0.0,175.0,0.0,1
0.922,3.068,0.0,0.0,0.0,217.658,18.372943041331183,1
0.646,0.114,1.0,225.0,0.0,175.0,0.0,1
0.971,1.733,1.0,136.322,17.54965287405993,80917.38,3916.043805117609,1
0.788,0.833,1.0,213.03,4.225766202714012,22696.736,1719.501882029793,1
0.741,1.966,1.0,93.634,22.663804711477727,66213.552,3238.018243199998,1
1.214,1.346,1.0,203.244,6.3287016045947375,34427.786,2173.7520834271786,1
0.668,2.332,0.732,54.996,39.450982041008814,48487.548,14770.220348379911,1
0.307,0.619,1.0,124.642,18.310156635048212,84807.158,3661.511750225035,1
1.473,0.111,1.0,225.0,0.0,175.0,0.0,1
0.196,1.514,0.112,3.81,12.641435836169878,5703.292,7246.620937701653,1
1.089,1.74,1.0,147.986,14.72228936001463,69766.764,2934.694101316865,1
0.647,2.128,0.938,74.414,30.588210212433157,56356.734,8265.170072735587,1
1.003,2.296,0.998,109.768,24.132761466520982,77951.588,2256.0981260255503,1
0.36,1.564,0.818,48.8,30.461976298329695,38873.582,9062.836142581195,1
1.176,0.892,1.0,225.0,0.0,175.0,0.0,1
0.07,0.138,1.0,127.51,18.053196392882896,84921.88,3793.5715912053115,1
1.046,2.968,0.63,56.804,49.30474200317855,57689.704,21381.99358189933,1
1.166,1.729,1.0,159.102,13.82474578428117,67017.02,2869.1020218179765,1
0.916,0.378,1.0,225.0,0.0,175.0,0.0,1
0.695,0.889,1.0,179.654,10.234563205139729,55914.606,2894.438598202422,1
0.737,0.707,1.0,225.0,0.0,175.0,0.0,1
1.468,1.863,1.0,180.912,11.384210820254516,62930.936,3126.053227298601,1
0.459,0.35,1.0,225.0,0.0,175.0,0.0,1
0.162,1.092,0.358,12.776,19.984639701530774,17019.966,8127.18006154927,1
1.389,2.806,1.0,126.666,20.199367415837557,102034.76,1438.5691621885965,1
0.991,1.952,1.0,126.174,18.035845530498424,88933.408,3199.430290776156,1
0.855,0.769,1.0,225.0,0.0,175.0,0.0,1
1.251,1.322,1.0,213.34,4.3049274093763765,23711.286,1768.4185726812527,1
0.26,1.306,0.726,37.952,28.612264782781526,32813.226,9060.254444712025,1
0.111,0.664,0.534,23.186,25.93575531963548,24104.224,9136.56910036935,1
0.92,0.781,1.0,225.0,0.0,175.0,0.0,1
0.997,1.893,1.0,130.308,18.411223098968737,88770.226,3823.990380077335,1
0.336,1.075,1.0,78.154,20.183316972192653,50662.384,3979.377414689891,1
1.136,1.893,1.0,142.3,16.410911004572537,74909.282,3490.766837598295,1
0.211,0.209,1.0,225.0,0.0,175.0,0.0,1
1.338,1.106,1.0,225.0,0.0,175.0,0.0,1
0.593,2.352,0.658,45.546,38.629779756037955,42708.15,15061.242712721285,1
0.901,1.887,1.0,117.92,19.26846127743469,79332.016,3000.150065537389,1
1.236,2.656,0.998,117.334,28.77398901786125,80654.912,1823.7407777027963,1
0.496,1.675,0.994,72.954,23.373914605816463,51593.608,4200.429808761955,1
1.036,0.679,1.0,225.0,0.0,175.0,0.0,1
1.097,0.924,1.0,225.0,0.0,175.0,0.0,1
1.066,1.775,1.0,143.3,17.21121727246507,74841.982,3905.5775057827236,1
1.083,0.394,1.0,225.0,0.0,175.0,0.0,1
0.62,0.993,1.0,146.0,13.825339055516865,64216.166,2755.6544613655756,1
1.073,2.477,0.998,107.136,27.73296781810414,75573.542,1987.019796639178,1
1.379,2.22,1.0,147.648,16.763654016949886,76690.138,2732.8744952807474,1
1.239,2.41,1.0,131.03,19.36360245408896,97607.896,1922.8401361486087,1
0.33,0.42,1.0,179.726,10.260941672185844,54107.622,2715.8829980534874,1
0.63,0.986,1.0,150.728,13.150285776362429,63150.608,2621.304962482618,1
0.086,1.169,0.0,0.0,0.0,350.732,189.4821157154416,1
0.035,0.704,0.016,0.016,0.125475097130865,432.97,105.53178241648341,1
0.047,0.801,0.02,0.066,0.9579373674724249,455.768,297.10484037793793,1
0.063,0.899,0.028,0.058,0.4589509777743152,619.07,747.2633786691275,1
0.026,0.535,0.05,0.066,0.3250292294548292,562.598,236.01555117406988,1
0.084,1.044,0.024,0.14,1.7822457742971363,718.934,1148.4682728068722,1
0.04,0.737,0.012,0.05,0.8576129663198896,450.892,224.22639527049444,1
0.085,1.091,0.008,0.008,0.08908422980528033,545.566,831.6455504865038,1
0.017,0.366,0.086,0.126,0.637278589001702,812.914,356.1906211623209,1
0.033,0.564,0.07,0.156,1.5606613982539579,918.008,678.5237357204242,1
0.077,0.946,0.05,0.21,1.5290192935342573,1254.748,1689.2544510807127,1
0.086,1.006,0.034,0.208,2.1054063740760354,1414.014,2003.5093096374671,1
0.121,1.213,0.046,0.346,2.6272198233113264,1994.86,3170.742398303589,1
0.022,0.333,0.078,0.326,2.1981182861711512,1912.494,1145.180837232269,1
0.134,1.208,0.076,1.502,6.550572188748093,4721.458,5282.380509981839,1
0.114,1.092,0.062,0.848,4.995287379120444,4019.248,4151.5378753536625,1
0.068,0.674,0.076,1.79,8.078978895875393,5939.02,3650.0190464708535,1
0.112,1.04,0.066,1.728,7.575091814625086,5336.342,4549.10749543644,1
0.047,0.476,0.078,2.35,9.38229716007759,5812.128,3606.5398175558794,1
0.103,0.957,0.104,2.506,8.616609774151318,6374.362,4479.009015726135,1
0.002,0.165,0.0,0.0,0.0,805.696,35.84873197199588,1
0.011,0.29,0.074,0.112,0.48934241590117644,769.554,216.47682343382627,1
0.084,0.698,0.12,3.718,12.241833032679379,9152.182,5487.376206246115,1
0.14,1.124,0.21,6.938,15.846708049307907,9614.454,6812.164436350902,1
0.141,1.185,0.084,2.41,9.526694075071374,6788.188,5913.077435367814,1
0.016,0.152,0.084,2.156,8.544920362414153,7231.042,4174.042128708813,1
0.045,0.412,0.084,2.494,9.281054034968227,7689.41,4473.214304937782,1
0.141,1.079,0.202,7.268,16.68305056037414,11504.316,6881.669785752873,1
0.152,1.141,0.198,6.99,15.665819480640009,11250.01,7076.522361577048,1
0.091,0.75,0.166,4.946,13.074979311647112,10277.942,5848.760071214753,1
0.104,0.9,0.134,4.138,11.9471735569548,8083.15,5519.632515258602,1
0.095,0.846,0.112,3.348,10.971913962477101,7988.626,4852.686211380662,1
0.022,0.191,0.116,3.564,11.271464146241161,9089.188,5027.027378148641,1
0.09,0.786,0.142,3.938,11.440723578515477,8384.358,5059.245690598155,1
0.152,1.248,0.14,4.49,12.770352383548389,7400.228,6733.397113494496,1
0.124,0.93,0.178,6.054,14.556204312938176,12483.564,7039.483495960765,1
0.11,0.719,0.346,13.774,21.351696045045227,17840.624,8640.46018141534,1
0.123,0.838,0.346,14.366,22.568917652382,16993.648,8465.23020195529,1
0.192,1.244,0.334,14.404,23.16119133378074,17736.85,8660.21623560867,1
0.062,0.431,0.316,12.05,19.98878435523281,16628.912,8109.6067204431065,1
0.076,0.481,0.386,16.026,23.116429741636143,19418.432,8826.943118734594,1
0.183,1.139,0.406,16.814,23.82333738165163,20088.102,8769.6959915151,1
0.147,0.96,0.408,15.906,22.082508100304185,18311.12,8451.167791589516,1
0.192,1.207,0.39,16.28,23.186064780380477,19144.798,9345.367053315564,1
0.118,0.792,0.358,13.678,21.201186664901567,17629.414,8245.543207976294,1
0.092,0.618,0.36,14.466,21.841264706971526,17539.624,8016.784296376197,1
0.021,0.229,0.048,1.014,5.746460127765615,5022.454,2837.6222510905145,1
0.16,1.041,0.376,14.666,21.440112966120306,18506.798,8842.614217367847,1
0.157,0.967,0.434,17.552,22.896534584954118,21054.932,9134.76172778338,1
0.174,1.047,0.512,22.53,25.54010767400952,23153.488,8846.02142445156,1
0.087,0.538,0.452,19.284,24.96604381955619,21138.132,8791.034502865747,1
0.205,1.246,0.466,19.63,23.976261176421982,21690.488,9303.214819074963,1
0.148,0.906,0.414,17.916,24.875227516547465,21255.576,9168.346732329881,1
0.03,0.175,0.568,25.634,26.81783071018236,24531.95,9290.48284942715,1
0.109,0.684,0.446,18.088,23.27943848120053,20153.726,8745.143676974323,1
0.199,1.169,0.502,21.524,25.26534036976347,22742.69,9879.728610133985,1
0.191,1.119,0.51,22.112,25.724063753614047,23666.804,9540.447883489747,1
0.05,0.346,0.302,11.498,20.30984972864152,15934.248,8246.778743879091,1
0.119,0.732,0.442,19.086,24.341787198149603,20989.668,9213.850233739206,1
0.059,0.378,0.398,16.316,22.8462719934785,19037.456,8763.463590844889,1
0.135,0.797,0.514,24.182,27.251364663076966,23554.488,9668.220315334978,1
0.097,0.58,0.538,24.6,26.406059910558408,24259.408,8931.148052380277,1
0.208,1.149,0.556,26.84,28.50975973241444,25462.732,9701.078958764123,1
0.18,0.958,0.682,33.842,28.726242984421056,28896.392,8828.384958209288,1
0.082,0.432,0.678,34.66,28.175173468853746,29195.782,9212.724240878808,1
0.173,0.93,0.6,28.136,27.042217068872144,27046.252,9690.789864840533,1
0.121,0.635,0.694,34.572,28.132771210813914,30159.196,8459.941249298603,1
0.128,0.683,0.638,30.072,27.674660178582137,27853.786,9500.168887141112,1
0.216,1.248,0.468,21.752,26.92549899259065,23148.168,9430.406251682693,1
0.131,0.749,0.508,22.518,25.361894172163087,24294.096,9657.576864347702,1
0.091,0.507,0.59,28.11,28.004247892060945,26428.494,9303.09002761792,1
0.023,0.126,0.62,28.874,27.58706443244732,27119.684,8487.479380601993,1
0.213,1.095,0.654,35.078,31.058846018485617,29729.23,9773.50586683714,1
0.197,0.985,0.792,42.334,28.30424780841208,34053.056,8667.481414624666,1
0.194,0.944,0.772,41.11,28.2104572809446,34284.784,8370.898138034174,1
0.235,1.186,0.71,37.308,29.96613315060854,32083.056,8744.354260713824,1
0.143,0.752,0.698,35.178,28.453652067880498,29407.386,9113.03417029718,1
0.033,0.142,0.964,59.808,24.032376827937764,39935.98,5189.293215805019,1
0.165,0.815,0.828,45.166,27.401139465358007,34565.556,7803.326333997829,1
0.153,0.804,0.66,32.846,28.44584827351788,29012.212,9411.446447335074,1
0.066,0.34,0.72,36.826,29.211636790840736,31166.908,8790.516656917045,1
0.202,1.036,0.724,36.226,27.611427416922872,31051.792,8951.500283233867,1
0.043,0.157,0.996,69.414,20.89637777223603,45249.866,3826.963267140671,1
0.142,0.682,0.798,41.986,27.34976789663854,34976.856,7836.982758132367,1
0.209,0.901,0.936,57.494,26.36228298156288,39864.12,6531.218769081312,1
0.232,1.012,0.898,52.404,25.99916890979402,38692.804,7406.496889730259,1
0.289,1.207,0.922,57.862,26.054231057546104,41406.372,7189.360249536533,1
0.111,0.497,0.91,52.838,25.35956931810949,37641.246,7098.967250909389,1
0.178,0.787,0.896,52.054,26.43859080964793,38135.048,6973.625799087301,1
0.096,0.381,0.992,65.262,21.622704641186772,45599.506,4402.511487999094,1
0.181,0.844,0.836,46.308,27.81677795863496,35922.076,7452.396321333427,1
0.1,0.423,0.95,57.288,23.10344251404972,41028.232,6298.944532076465,1
0.177,0.743,0.96,58.268,22.92021326253314,41345.546,5534.643019733432,1
0.245,1.041,0.926,55.718,25.92679069996902,40518.282,6292.331537552356,1
0.121,0.553,0.874,49.242,26.105007872053974,36910.268,7584.32581500663,1
0.162,0.714,0.918,53.812,25.452164073021372,38271.796,6654.088165209715,1
0.279,1.007,0.998,71.528,20.182695954703377,46451.778,3936.5603265688687,1
0.246,0.921,0.998,67.292,19.07298445445809,45776.812,4008.459007730527,1
0.151,0.533,1.0,72.328,20.460117692721123,46339.79,3872.962121929415,1
0.097,0.313,1.0,78.048,19.232412641163876,49683.744,3703.8535265941605,1
