name,birth_bonus,survival_bonus,energy_scale,n_steps,gamma,scenario,mode,replica,seed,steps,mean_pop_last50,final_pop,max_pop,extinct,extinction_step,total_moves
baseline,0.2,0.02,3.0,4,0.95,S2,rule_learn,0,20000,500,33.12,52,204,0,500,10623
baseline,0.2,0.02,3.0,4,0.95,S2,rule_learn,3,20003,500,32.76,44,199,0,500,12070
baseline,0.2,0.02,3.0,4,0.95,S2,rule_learn,4,20004,500,37.3,32,207,0,500,10390
baseline,0.2,0.02,3.0,4,0.95,S2,rule_learn,5,20005,500,37.06,33,213,0,500,12796
baseline,0.2,0.02,3.0,4,0.95,S2,rule_learn,1,20001,500,35.92,33,199,0,500,11816
baseline,0.2,0.02,3.0,4,0.95,S2,rule_learn,2,20002,500,32.7,34,205,0,500,12250
baseline,0.2,0.02,3.0,4,0.95,S2,rule_learn,6,20006,500,34.3,56,199,0,500,12131
baseline,0.2,0.02,3.0,4,0.95,S2,rule_learn,7,20007,500,38.88,35,210,0,500,10870
baseline,0.2,0.02,3.0,4,0.95,S2,rule_learn,9,20009,500,37.78,17,203,0,500,10742
baseline,0.2,0.02,3.0,4,0.95,S2,rule_learn,8,20008,500,33.88,37,210,0,500,12624
baseline,0.2,0.02,3.0,4,0.95,S2,mlp_learn,5,120005,500,102.92307692307692,0,189,1,12,371
baseline,0.2,0.02,3.0,4,0.95,S2,mlp_learn,3,120003,500,79.6875,0,194,1,15,406
baseline,0.2,0.02,3.0,4,0.95,S2,mlp_learn,1,120001,500,60.77272727272727,0,189,1,21,355
baseline,0.2,0.02,3.0,4,0.95,S2,mlp_learn,2,120002,500,98.92307692307692,0,182,1,12,354
baseline,0.2,0.02,3.0,4,0.95,S2,mlp_learn,4,120004,500,79.82352941176471,0,176,1,16,428
baseline,0.2,0.02,3.0,4,0.95,S2,mlp_learn,7,120007,500,67.52631578947368,0,184,1,18,375
baseline,0.2,0.02,3.0,4,0.95,S2,mlp_learn,0,120000,500,74.72222222222223,0,191,1,17,345
baseline,0.2,0.02,3.0,4,0.95,S2,mlp_learn,8,120008,500,85.2,0,190,1,14,350
baseline,0.2,0.02,3.0,4,0.95,S2,mlp_offline_learn,1,220001,500,100.6923076923077,0,202,1,12,288
baseline,0.2,0.02,3.0,4,0.95,S2,mlp_learn,9,120009,500,42.52,0,183,1,160,2124
baseline,0.2,0.02,3.0,4,0.95,S2,mlp_offline_learn,7,220007,500,94.6923076923077,0,202,1,12,246
baseline,0.2,0.02,3.0,4,0.95,S2,mlp_offline_learn,8,220008,500,34.86,0,198,1,82,1346
baseline,0.2,0.02,3.0,4,0.95,S2,mlp_learn,6,120006,500,33.76,62,198,0,500,7117
baseline,0.2,0.02,3.0,4,0.95,S3,rule_learn,0,30000,500,43.08,73,209,0,500,11987
baseline,0.2,0.02,3.0,4,0.95,S3,rule_learn,1,30001,500,41.42,54,212,0,500,14511
baseline,0.2,0.02,3.0,4,0.95,S3,rule_learn,2,30002,500,37.86,48,214,0,500,11881
baseline,0.2,0.02,3.0,4,0.95,S3,rule_learn,3,30003,500,44.08,26,203,0,500,11959
baseline,0.2,0.02,3.0,4,0.95,S3,rule_learn,4,30004,500,46.38,36,214,0,500,10106
baseline,0.2,0.02,3.0,4,0.95,S3,rule_learn,5,30005,500,38.82,24,206,0,500,13181
baseline,0.2,0.02,3.0,4,0.95,S3,rule_learn,6,30006,500,40.52,48,197,0,500,13392
baseline,0.2,0.02,3.0,4,0.95,S3,rule_learn,7,30007,500,42.38,15,206,0,500,10327
baseline,0.2,0.02,3.0,4,0.95,S3,rule_learn,8,30008,500,39.8,19,217,0,500,12709
baseline,0.2,0.02,3.0,4,0.95,S3,rule_learn,9,30009,500,42.32,94,219,0,500,11519
baseline,0.2,0.02,3.0,4,0.95,S3,mlp_learn,0,130000,500,73.42105263157895,0,200,1,18,384
baseline,0.2,0.02,3.0,4,0.95,S2,mlp_offline_learn,0,220000,500,42.6,17,197,0,500,9339
baseline,0.2,0.02,3.0,4,0.95,S2,mlp_offline_learn,3,220003,500,38.68,33,189,0,500,9276
baseline,0.2,0.02,3.0,4,0.95,S2,mlp_offline_learn,2,220002,500,39.36,54,187,0,500,9611
baseline,0.2,0.02,3.0,4,0.95,S2,mlp_offline_learn,5,220005,500,37.08,0,192,1,466,8392
baseline,0.2,0.02,3.0,4,0.95,S2,mlp_offline_learn,4,220004,500,35.56,43,195,0,500,9185
baseline,0.2,0.02,3.0,4,0.95,S3,mlp_learn,2,130002,500,91.5625,0,198,1,15,402
baseline,0.2,0.02,3.0,4,0.95,S3,mlp_learn,3,130003,500,77.47368421052632,0,209,1,18,375
baseline,0.2,0.02,3.0,4,0.95,S2,mlp_offline_learn,6,220006,500,39.38,36,199,0,500,9408
baseline,0.2,0.02,3.0,4,0.95,S3,mlp_learn,5,130005,500,78.0,0,207,1,18,393
baseline,0.2,0.02,3.0,4,0.95,S3,mlp_learn,6,130006,500,87.375,0,205,1,15,347
baseline,0.2,0.02,3.0,4,0.95,S3,mlp_learn,7,130007,500,100.14285714285714,0,193,1,13,375
baseline,0.2,0.02,3.0,4,0.95,S3,mlp_learn,8,130008,500,68.9,0,195,1,19,365
baseline,0.2,0.02,3.0,4,0.95,S3,mlp_learn,9,130009,500,72.75,0,202,1,19,367
baseline,0.2,0.02,3.0,4,0.95,S3,mlp_learn,1,130001,500,38.52,0,214,1,100,1249
baseline,0.2,0.02,3.0,4,0.95,S2,mlp_offline_learn,9,220009,500,38.84,65,188,0,500,9464
baseline,0.2,0.02,3.0,4,0.95,S3,mlp_learn,4,130004,500,42.96,31,194,0,500,9459
baseline,0.2,0.02,3.0,4,0.95,S3,mlp_offline_learn,0,230000,500,43.6,53,180,0,500,11520
baseline,0.2,0.02,3.0,4,0.95,S3,mlp_offline_learn,2,230002,500,43.84,55,193,0,500,11200
baseline,0.2,0.02,3.0,4,0.95,S3,mlp_offline_learn,1,230001,500,44.96,29,185,0,500,11113
baseline,0.2,0.02,3.0,4,0.95,S4,rule_learn,0,40000,500,50.76,83,213,0,500,11898
baseline,0.2,0.02,3.0,4,0.95,S4,rule_learn,1,40001,500,51.24,26,218,0,500,12731
baseline,0.2,0.02,3.0,4,0.95,S3,mlp_offline_learn,3,230003,500,42.56,26,189,0,500,11169
baseline,0.2,0.02,3.0,4,0.95,S3,mlp_offline_learn,4,230004,500,41.32,60,189,0,500,11257
baseline,0.2,0.02,3.0,4,0.95,S4,rule_learn,2,40002,500,48.02,47,219,0,500,14462
baseline,0.2,0.02,3.0,4,0.95,S4,rule_learn,4,40004,500,45.32,45,219,0,500,14188
baseline,0.2,0.02,3.0,4,0.95,S4,rule_learn,3,40003,500,50.44,50,220,0,500,11862
baseline,0.2,0.02,3.0,4,0.95,S4,rule_learn,5,40005,500,51.64,80,220,0,500,12475
baseline,0.2,0.02,3.0,4,0.95,S4,rule_learn,6,40006,500,46.84,22,216,0,500,14370
baseline,0.2,0.02,3.0,4,0.95,S4,rule_learn,7,40007,500,46.58,51,215,0,500,15443
baseline,0.2,0.02,3.0,4,0.95,S4,rule_learn,8,40008,500,53.68,25,212,0,500,12896
baseline,0.2,0.02,3.0,4,0.95,S4,rule_learn,9,40009,500,47.3,81,222,0,500,13355
baseline,0.2,0.02,3.0,4,0.95,S3,mlp_offline_learn,5,230005,500,46.04,39,202,0,500,11244
baseline,0.2,0.02,3.0,4,0.95,S4,mlp_learn,0,140000,500,100.1875,0,212,1,15,379
baseline,0.2,0.02,3.0,4,0.95,S4,mlp_learn,3,140003,500,100.625,0,201,1,15,388
baseline,0.2,0.02,3.0,4,0.95,S4,mlp_learn,4,140004,500,47.06,0,210,1,78,1007
baseline,0.2,0.02,3.0,4,0.95,S4,mlp_learn,6,140006,500,99.6875,0,205,1,15,387
baseline,0.2,0.02,3.0,4,0.95,S3,mlp_offline_learn,6,230006,500,44.24,51,182,0,500,11338
baseline,0.2,0.02,3.0,4,0.95,S4,mlp_learn,7,140007,500,113.2,0,216,1,14,373
baseline,0.2,0.02,3.0,4,0.95,S4,mlp_learn,8,140008,500,110.53333333333333,0,217,1,14,376
baseline,0.2,0.02,3.0,4,0.95,S4,mlp_learn,5,140005,500,54.48,0,214,1,223,3969
baseline,0.2,0.02,3.0,4,0.95,S3,mlp_offline_learn,7,230007,500,44.4,50,200,0,500,11169
baseline,0.2,0.02,3.0,4,0.95,S3,mlp_offline_learn,9,230009,500,44.58,66,186,0,500,11300
baseline,0.2,0.02,3.0,4,0.95,S3,mlp_offline_learn,8,230008,500,44.9,45,198,0,500,11166
baseline,0.2,0.02,3.0,4,0.95,S4,mlp_learn,1,140001,500,50.62,51,207,0,500,10646
baseline,0.2,0.02,3.0,4,0.95,S4,mlp_learn,2,140002,500,51.9,49,210,0,500,8407
baseline,0.2,0.02,3.0,4,0.95,S4,mlp_learn,9,140009,500,47.64,96,203,0,500,9744
baseline,0.2,0.02,3.0,4,0.95,S4,mlp_offline_learn,0,240000,500,50.14,50,214,0,500,12246
baseline,0.2,0.02,3.0,4,0.95,S4,mlp_offline_learn,1,240001,500,47.84,76,208,0,500,12535
baseline,0.2,0.02,3.0,4,0.95,S4,mlp_offline_learn,2,240002,500,49.42,59,213,0,500,12164
birth_0.10,0.1,0.02,3.0,4,0.95,S2,rule_learn,0,20000,500,38.48,13,204,0,500,10353
birth_0.10,0.1,0.02,3.0,4,0.95,S2,rule_learn,1,20001,500,34.9,40,199,0,500,12041
birth_0.10,0.1,0.02,3.0,4,0.95,S2,rule_learn,2,20002,500,33.64,23,205,0,500,11739
birth_0.10,0.1,0.02,3.0,4,0.95,S2,rule_learn,3,20003,500,31.12,34,199,0,500,12288
birth_0.10,0.1,0.02,3.0,4,0.95,S2,rule_learn,4,20004,500,36.04,35,207,0,500,11157
birth_0.10,0.1,0.02,3.0,4,0.95,S2,rule_learn,5,20005,500,32.74,37,213,0,500,12924
birth_0.10,0.1,0.02,3.0,4,0.95,S2,rule_learn,6,20006,500,32.74,50,199,0,500,12236
birth_0.10,0.1,0.02,3.0,4,0.95,S2,rule_learn,7,20007,500,33.7,28,210,0,500,11842
birth_0.10,0.1,0.02,3.0,4,0.95,S2,rule_learn,8,20008,500,33.38,35,210,0,500,10466
birth_0.10,0.1,0.02,3.0,4,0.95,S2,rule_learn,9,20009,500,35.74,37,203,0,500,10960
baseline,0.2,0.02,3.0,4,0.95,S4,mlp_offline_learn,3,240003,500,52.42,30,213,0,500,12347
baseline,0.2,0.02,3.0,4,0.95,S4,mlp_offline_learn,4,240004,500,52.68,25,211,0,500,12538
birth_0.10,0.1,0.02,3.0,4,0.95,S2,mlp_learn,0,120000,500,74.72222222222223,0,191,1,17,345
birth_0.10,0.1,0.02,3.0,4,0.95,S2,mlp_learn,1,120001,500,60.77272727272727,0,189,1,21,355
birth_0.10,0.1,0.02,3.0,4,0.95,S2,mlp_learn,2,120002,500,98.92307692307692,0,182,1,12,354
birth_0.10,0.1,0.02,3.0,4,0.95,S2,mlp_learn,3,120003,500,79.6875,0,194,1,15,406
birth_0.10,0.1,0.02,3.0,4,0.95,S2,mlp_learn,4,120004,500,79.82352941176471,0,176,1,16,428
birth_0.10,0.1,0.02,3.0,4,0.95,S2,mlp_learn,5,120005,500,102.92307692307692,0,189,1,12,371
baseline,0.2,0.02,3.0,4,0.95,S4,mlp_offline_learn,5,240005,500,50.72,47,207,0,500,12596
birth_0.10,0.1,0.02,3.0,4,0.95,S2,mlp_learn,7,120007,500,67.52631578947368,0,184,1,18,375
birth_0.10,0.1,0.02,3.0,4,0.95,S2,mlp_learn,8,120008,500,85.2,0,190,1,14,350
baseline,0.2,0.02,3.0,4,0.95,S4,mlp_offline_learn,6,240006,500,51.16,33,210,0,500,12454
birth_0.10,0.1,0.02,3.0,4,0.95,S2,mlp_offline_learn,1,220001,500,92.07142857142857,0,202,1,13,296
birth_0.10,0.1,0.02,3.0,4,0.95,S2,mlp_learn,9,120009,500,42.52,0,183,1,160,2124
baseline,0.2,0.02,3.0,4,0.95,S4,mlp_offline_learn,7,240007,500,50.24,27,202,0,500,12299
baseline,0.2,0.02,3.0,4,0.95,S4,mlp_offline_learn,8,240008,500,50.3,39,215,0,500,12444
baseline,0.2,0.02,3.0,4,0.95,S4,mlp_offline_learn,9,240009,500,51.48,45,203,0,500,12533
birth_0.10,0.1,0.02,3.0,4,0.95,S2,mlp_learn,6,120006,500,35.22,0,198,1,448,5933
birth_0.10,0.1,0.02,3.0,4,0.95,S2,mlp_offline_learn,7,220007,500,94.6923076923077,0,202,1,12,246
birth_0.10,0.1,0.02,3.0,4,0.95,S2,mlp_offline_learn,0,220000,500,38.7,61,197,0,500,9273
birth_0.10,0.1,0.02,3.0,4,0.95,S3,rule_learn,0,30000,500,46.12,18,209,0,500,12293
birth_0.10,0.1,0.02,3.0,4,0.95,S3,rule_learn,1,30001,500,41.7,47,212,0,500,14546
birth_0.10,0.1,0.02,3.0,4,0.95,S3,rule_learn,2,30002,500,42.9,26,214,0,500,11804
birth_0.10,0.1,0.02,3.0,4,0.95,S3,rule_learn,3,30003,500,38.98,25,203,0,500,12304
birth_0.10,0.1,0.02,3.0,4,0.95,S2,mlp_offline_learn,2,220002,500,37.94,40,187,0,500,9368
birth_0.10,0.1,0.02,3.0,4,0.95,S3,rule_learn,4,30004,500,43.38,0,214,1,447,9142
birth_0.10,0.1,0.02,3.0,4,0.95,S3,rule_learn,6,30006,500,46.58,50,197,0,500,10107
birth_0.10,0.1,0.02,3.0,4,0.95,S3,rule_learn,5,30005,500,38.52,41,206,0,500,13625
birth_0.10,0.1,0.02,3.0,4,0.95,S3,rule_learn,7,30007,500,46.34,38,206,0,500,10985
birth_0.10,0.1,0.02,3.0,4,0.95,S3,rule_learn,8,30008,500,41.84,30,217,0,500,13040
birth_0.10,0.1,0.02,3.0,4,0.95,S2,mlp_offline_learn,3,220003,500,34.94,58,189,0,500,9281
birth_0.10,0.1,0.02,3.0,4,0.95,S3,rule_learn,9,30009,500,40.72,34,219,0,500,13575
birth_0.10,0.1,0.02,3.0,4,0.95,S3,mlp_learn,0,130000,500,73.42105263157895,0,200,1,18,384
birth_0.10,0.1,0.02,3.0,4,0.95,S3,mlp_learn,2,130002,500,91.5625,0,198,1,15,402
birth_0.10,0.1,0.02,3.0,4,0.95,S3,mlp_learn,1,130001,500,41.84,0,214,1,54,798
birth_0.10,0.1,0.02,3.0,4,0.95,S3,mlp_learn,3,130003,500,77.47368421052632,0,209,1,18,375
birth_0.10,0.1,0.02,3.0,4,0.95,S2,mlp_offline_learn,4,220004,500,30.22,40,195,0,500,9428
birth_0.10,0.1,0.02,3.0,4,0.95,S3,mlp_learn,5,130005,500,78.0,0,207,1,18,393
birth_0.10,0.1,0.02,3.0,4,0.95,S3,mlp_learn,6,130006,500,87.375,0,205,1,15,347
birth_0.10,0.1,0.02,3.0,4,0.95,S3,mlp_learn,7,130007,500,100.14285714285714,0,193,1,13,375
birth_0.10,0.1,0.02,3.0,4,0.95,S3,mlp_learn,8,130008,500,68.9,0,195,1,19,365
birth_0.10,0.1,0.02,3.0,4,0.95,S3,mlp_learn,9,130009,500,72.75,0,202,1,19,367
birth_0.10,0.1,0.02,3.0,4,0.95,S2,mlp_offline_learn,9,220009,500,35.88,0,188,1,341,5942
birth_0.10,0.1,0.02,3.0,4,0.95,S2,mlp_offline_learn,5,220005,500,41.32,39,192,0,500,9502
birth_0.10,0.1,0.02,3.0,4,0.95,S2,mlp_offline_learn,6,220006,500,37.12,32,199,0,500,9311
birth_0.10,0.1,0.02,3.0,4,0.95,S2,mlp_offline_learn,8,220008,500,38.18,67,198,0,500,9358
birth_0.10,0.1,0.02,3.0,4,0.95,S3,mlp_learn,4,130004,500,42.42,55,194,0,500,8899
birth_0.10,0.1,0.02,3.0,4,0.95,S3,mlp_offline_learn,0,230000,500,45.64,36,180,0,500,11291
birth_0.10,0.1,0.02,3.0,4,0.95,S3,mlp_offline_learn,1,230001,500,43.44,25,185,0,500,11211
birth_0.10,0.1,0.02,3.0,4,0.95,S3,mlp_offline_learn,3,230003,500,42.3,27,189,0,500,11321
birth_0.10,0.1,0.02,3.0,4,0.95,S3,mlp_offline_learn,2,230002,500,42.12,77,193,0,500,11003
birth_0.10,0.1,0.02,3.0,4,0.95,S4,rule_learn,0,40000,500,50.44,77,216,0,500,13327
birth_0.10,0.1,0.02,3.0,4,0.95,S4,rule_learn,1,40001,500,50.18,58,218,0,500,13037
birth_0.10,0.1,0.02,3.0,4,0.95,S4,rule_learn,2,40002,500,48.96,38,219,0,500,14957
birth_0.10,0.1,0.02,3.0,4,0.95,S4,rule_learn,3,40003,500,45.8,18,220,0,500,13012
birth_0.10,0.1,0.02,3.0,4,0.95,S4,rule_learn,4,40004,500,51.2,29,219,0,500,14692
birth_0.10,0.1,0.02,3.0,4,0.95,S4,rule_learn,5,40005,500,49.78,32,220,0,500,13523
birth_0.10,0.1,0.02,3.0,4,0.95,S4,rule_learn,6,40006,500,46.5,35,216,0,500,15184
birth_0.10,0.1,0.02,3.0,4,0.95,S4,rule_learn,7,40007,500,46.64,43,215,0,500,15572
birth_0.10,0.1,0.02,3.0,4,0.95,S4,rule_learn,8,40008,500,48.5,76,212,0,500,13600
birth_0.10,0.1,0.02,3.0,4,0.95,S4,rule_learn,9,40009,500,48.64,47,222,0,500,13862
birth_0.10,0.1,0.02,3.0,4,0.95,S3,mlp_offline_learn,5,230005,500,42.64,31,202,0,500,11089
birth_0.10,0.1,0.02,3.0,4,0.95,S3,mlp_offline_learn,4,230004,500,43.62,40,189,0,500,11208
birth_0.10,0.1,0.02,3.0,4,0.95,S4,mlp_learn,3,140003,500,100.625,0,201,1,15,388
birth_0.10,0.1,0.02,3.0,4,0.95,S3,mlp_offline_learn,6,230006,500,42.88,59,182,0,500,11228
birth_0.10,0.1,0.02,3.0,4,0.95,S4,mlp_learn,4,140004,500,47.06,0,210,1,78,1007
birth_0.10,0.1,0.02,3.0,4,0.95,S4,mlp_learn,6,140006,500,99.6875,0,205,1,15,387
birth_0.10,0.1,0.02,3.0,4,0.95,S4,mlp_learn,7,140007,500,113.2,0,216,1,14,373
birth_0.10,0.1,0.02,3.0,4,0.95,S4,mlp_learn,8,140008,500,110.53333333333333,0,217,1,14,376
birth_0.10,0.1,0.02,3.0,4,0.95,S3,mlp_offline_learn,7,230007,500,42.4,69,200,0,500,11237
birth_0.10,0.1,0.02,3.0,4,0.95,S3,mlp_offline_learn,9,230009,500,43.64,53,186,0,500,11205
birth_0.10,0.1,0.02,3.0,4,0.95,S3,mlp_offline_learn,8,230008,500,45.34,41,198,0,500,11292
birth_0.10,0.1,0.02,3.0,4,0.95,S4,mlp_learn,0,140000,500,48.74,42,212,0,500,9588
birth_0.10,0.1,0.02,3.0,4,0.95,S4,mlp_learn,1,140001,500,45.26,19,207,0,500,10404
birth_0.10,0.1,0.02,3.0,4,0.95,S4,mlp_learn,2,140002,500,51.7,82,210,0,500,8014
birth_0.10,0.1,0.02,3.0,4,0.95,S4,mlp_learn,5,140005,500,51.32,109,214,0,500,9151
birth_0.10,0.1,0.02,3.0,4,0.95,S4,mlp_learn,9,140009,500,51.08,43,203,0,500,9991
birth_0.10,0.1,0.02,3.0,4,0.95,S4,mlp_offline_learn,0,240000,500,49.18,65,214,0,500,12133
birth_0.10,0.1,0.02,3.0,4,0.95,S4,mlp_offline_learn,2,240002,500,49.88,54,213,0,500,12468
birth_0.10,0.1,0.02,3.0,4,0.95,S4,mlp_offline_learn,1,240001,500,49.58,38,208,0,500,12492
birth_0.40,0.4,0.02,3.0,4,0.95,S2,rule_learn,0,20000,500,40.78,0,204,1,451,8458
birth_0.40,0.4,0.02,3.0,4,0.95,S2,rule_learn,1,20001,500,33.06,41,201,0,500,11682
birth_0.40,0.4,0.02,3.0,4,0.95,S2,rule_learn,2,20002,500,34.36,27,205,0,500,10750
birth_0.40,0.4,0.02,3.0,4,0.95,S2,rule_learn,3,20003,500,35.44,0,200,1,313,5410
birth_0.40,0.4,0.02,3.0,4,0.95,S2,rule_learn,4,20004,500,34.56,44,207,0,500,9787
birth_0.40,0.4,0.02,3.0,4,0.95,S2,rule_learn,5,20005,500,33.7,28,213,0,500,12477
birth_0.40,0.4,0.02,3.0,4,0.95,S2,rule_learn,6,20006,500,32.86,19,199,0,500,11454
birth_0.40,0.4,0.02,3.0,4,0.95,S2,rule_learn,7,20007,500,35.5,33,210,0,500,9933
birth_0.40,0.4,0.02,3.0,4,0.95,S2,rule_learn,8,20008,500,36.14,46,210,0,500,12204
birth_0.40,0.4,0.02,3.0,4,0.95,S2,rule_learn,9,20009,500,32.9,11,203,0,500,9762
birth_0.10,0.1,0.02,3.0,4,0.95,S4,mlp_offline_learn,3,240003,500,49.58,47,213,0,500,12139
birth_0.40,0.4,0.02,3.0,4,0.95,S2,mlp_learn,0,120000,500,74.72222222222223,0,191,1,17,345
birth_0.40,0.4,0.02,3.0,4,0.95,S2,mlp_learn,1,120001,500,60.77272727272727,0,189,1,21,355
birth_0.10,0.1,0.02,3.0,4,0.95,S4,mlp_offline_learn,4,240004,500,52.92,28,211,0,500,12386
birth_0.10,0.1,0.02,3.0,4,0.95,S4,mlp_offline_learn,5,240005,500,50.18,54,207,0,500,12068
birth_0.40,0.4,0.02,3.0,4,0.95,S2,mlp_learn,2,120002,500,98.92307692307692,0,182,1,12,354
birth_0.40,0.4,0.02,3.0,4,0.95,S2,mlp_learn,3,120003,500,79.875,0,194,1,15,409
birth_0.40,0.4,0.02,3.0,4,0.95,S2,mlp_learn,4,120004,500,79.82352941176471,0,176,1,16,428
birth_0.40,0.4,0.02,3.0,4,0.95,S2,mlp_learn,5,120005,500,102.92307692307692,0,189,1,12,371
birth_0.40,0.4,0.02,3.0,4,0.95,S2,mlp_learn,7,120007,500,67.52631578947368,0,184,1,18,375
birth_0.40,0.4,0.02,3.0,4,0.95,S2,mlp_learn,8,120008,500,85.2,0,190,1,14,350
birth_0.40,0.4,0.02,3.0,4,0.95,S2,mlp_offline_learn,1,220001,500,100.6923076923077,0,202,1,12,288
birth_0.10,0.1,0.02,3.0,4,0.95,S4,mlp_offline_learn,6,240006,500,50.48,39,210,0,500,12483
birth_0.10,0.1,0.02,3.0,4,0.95,S4,mlp_offline_learn,7,240007,500,51.5,47,202,0,500,12236
birth_0.10,0.1,0.02,3.0,4,0.95,S4,mlp_offline_learn,8,240008,500,50.76,63,215,0,500,12275
birth_0.40,0.4,0.02,3.0,4,0.95,S2,mlp_learn,9,120009,500,31.54,0,183,1,393,5478
birth_0.40,0.4,0.02,3.0,4,0.95,S2,mlp_offline_learn,2,220002,500,35.82,0,187,1,352,6501
birth_0.40,0.4,0.02,3.0,4,0.95,S2,mlp_learn,6,120006,500,29.46,17,198,0,500,7412
birth_0.40,0.4,0.02,3.0,4,0.95,S2,mlp_offline_learn,7,220007,500,94.6923076923077,0,202,1,12,246
birth_0.40,0.4,0.02,3.0,4,0.95,S2,mlp_offline_learn,0,220000,500,38.26,36,197,0,500,9386
birth_0.40,0.4,0.02,3.0,4,0.95,S3,rule_learn,0,30000,500,45.22,85,209,0,500,10726
birth_0.40,0.4,0.02,3.0,4,0.95,S3,rule_learn,1,30001,500,39.08,25,212,0,500,13739
birth_0.10,0.1,0.02,3.0,4,0.95,S4,mlp_offline_learn,9,240009,500,50.28,69,203,0,500,12297
birth_0.40,0.4,0.02,3.0,4,0.95,S3,rule_learn,2,30002,500,38.98,44,214,0,500,12800
birth_0.40,0.4,0.02,3.0,4,0.95,S3,rule_learn,3,30003,500,42.44,46,212,0,500,11779
birth_0.40,0.4,0.02,3.0,4,0.95,S3,rule_learn,4,30004,500,47.38,68,214,0,500,9258
birth_0.40,0.4,0.02,3.0,4,0.95,S3,rule_learn,5,30005,500,42.7,16,207,0,500,11936
birth_0.40,0.4,0.02,3.0,4,0.95,S3,rule_learn,6,30006,500,47.6,0,197,1,415,8545
birth_0.40,0.4,0.02,3.0,4,0.95,S3,rule_learn,7,30007,500,47.34,48,206,0,500,10319
birth_0.40,0.4,0.02,3.0,4,0.95,S3,rule_learn,8,30008,500,42.92,0,217,1,331,6448
birth_0.40,0.4,0.02,3.0,4,0.95,S3,rule_learn,9,30009,500,45.06,13,219,0,500,10620
birth_0.40,0.4,0.02,3.0,4,0.95,S3,mlp_learn,0,130000,500,73.42105263157895,0,200,1,18,384
birth_0.40,0.4,0.02,3.0,4,0.95,S2,mlp_offline_learn,3,220003,500,38.88,20,189,0,500,9457
birth_0.40,0.4,0.02,3.0,4,0.95,S3,mlp_learn,2,130002,500,91.5625,0,198,1,15,402
birth_0.40,0.4,0.02,3.0,4,0.95,S3,mlp_learn,3,130003,500,77.47368421052632,0,209,1,18,375
birth_0.40,0.4,0.02,3.0,4,0.95,S3,mlp_learn,5,130005,500,78.0,0,207,1,18,393
birth_0.40,0.4,0.02,3.0,4,0.95,S3,mlp_learn,1,130001,500,38.52,0,214,1,100,1249
birth_0.40,0.4,0.02,3.0,4,0.95,S3,mlp_learn,6,130006,500,87.375,0,205,1,15,347
birth_0.40,0.4,0.02,3.0,4,0.95,S3,mlp_learn,7,130007,500,100.14285714285714,0,193,1,13,375
birth_0.40,0.4,0.02,3.0,4,0.95,S3,mlp_learn,8,130008,500,68.9,0,195,1,19,365
birth_0.40,0.4,0.02,3.0,4,0.95,S3,mlp_learn,9,130009,500,72.75,0,202,1,19,367
birth_0.40,0.4,0.02,3.0,4,0.95,S2,mlp_offline_learn,4,220004,500,34.06,42,195,0,500,9173
birth_0.40,0.4,0.02,3.0,4,0.95,S2,mlp_offline_learn,5,220005,500,37.16,61,192,0,500,9441
birth_0.40,0.4,0.02,3.0,4,0.95,S2,mlp_offline_learn,6,220006,500,38.48,6,199,0,500,9542
birth_0.40,0.4,0.02,3.0,4,0.95,S2,mlp_offline_learn,8,220008,500,35.62,53,198,0,500,9142
birth_0.40,0.4,0.02,3.0,4,0.95,S2,mlp_offline_learn,9,220009,500,37.88,39,188,0,500,9181
birth_0.40,0.4,0.02,3.0,4,0.95,S3,mlp_learn,4,130004,500,34.38,0,194,1,467,8514
birth_0.40,0.4,0.02,3.0,4,0.95,S3,mlp_offline_learn,1,230001,500,44.2,30,185,0,500,11204
birth_0.40,0.4,0.02,3.0,4,0.95,S3,mlp_offline_learn,0,230000,500,45.52,49,180,0,500,11327
birth_0.40,0.4,0.02,3.0,4,0.95,S3,mlp_offline_learn,2,230002,500,43.34,38,193,0,500,11100
birth_0.40,0.4,0.02,3.0,4,0.95,S4,rule_learn,0,40000,500,51.48,13,213,0,500,13479
birth_0.40,0.4,0.02,3.0,4,0.95,S4,rule_learn,1,40001,500,54.08,38,218,0,500,11993
birth_0.40,0.4,0.02,3.0,4,0.95,S4,rule_learn,2,40002,500,52.1,54,215,0,500,11731
birth_0.40,0.4,0.02,3.0,4,0.95,S4,rule_learn,3,40003,500,50.44,40,215,0,500,12459
birth_0.40,0.4,0.02,3.0,4,0.95,S4,rule_learn,4,40004,500,51.38,57,219,0,500,12065
birth_0.40,0.4,0.02,3.0,4,0.95,S4,rule_learn,5,40005,500,49.64,56,220,0,500,12157
birth_0.40,0.4,0.02,3.0,4,0.95,S4,rule_learn,6,40006,500,51.88,21,216,0,500,10813
birth_0.40,0.4,0.02,3.0,4,0.95,S4,rule_learn,7,40007,500,49.92,35,215,0,500,13953
birth_0.40,0.4,0.02,3.0,4,0.95,S4,rule_learn,8,40008,500,50.88,43,212,0,500,12048
birth_0.40,0.4,0.02,3.0,4,0.95,S4,rule_learn,9,40009,500,54.26,53,222,0,500,11871
birth_0.40,0.4,0.02,3.0,4,0.95,S3,mlp_offline_learn,3,230003,500,44.64,39,189,0,500,11271
birth_0.40,0.4,0.02,3.0,4,0.95,S3,mlp_offline_learn,4,230004,500,40.92,17,189,0,500,11061
birth_0.40,0.4,0.02,3.0,4,0.95,S4,mlp_learn,0,140000,500,100.1875,0,212,1,15,379
birth_0.40,0.4,0.02,3.0,4,0.95,S4,mlp_learn,3,140003,500,100.625,0,201,1,15,388
birth_0.40,0.4,0.02,3.0,4,0.95,S3,mlp_offline_learn,5,230005,500,43.96,27,202,0,500,11300
birth_0.40,0.4,0.02,3.0,4,0.95,S3,mlp_offline_learn,6,230006,500,45.9,40,182,0,500,11273
birth_0.40,0.4,0.02,3.0,4,0.95,S4,mlp_learn,6,140006,500,99.6875,0,205,1,15,387
birth_0.40,0.4,0.02,3.0,4,0.95,S4,mlp_learn,4,140004,500,47.06,0,210,1,78,1007
birth_0.40,0.4,0.02,3.0,4,0.95,S4,mlp_learn,2,140002,500,47.02,0,210,1,126,1811
birth_0.40,0.4,0.02,3.0,4,0.95,S4,mlp_learn,7,140007,500,113.2,0,216,1,14,373
birth_0.40,0.4,0.02,3.0,4,0.95,S4,mlp_learn,8,140008,500,110.53333333333333,0,217,1,14,376
birth_0.40,0.4,0.02,3.0,4,0.95,S3,mlp_offline_learn,7,230007,500,46.26,52,200,0,500,11068
birth_0.40,0.4,0.02,3.0,4,0.95,S4,mlp_learn,9,140009,500,52.46,0,203,1,137,2409
birth_0.40,0.4,0.02,3.0,4,0.95,S3,mlp_offline_learn,9,230009,500,46.66,38,186,0,500,11118
birth_0.40,0.4,0.02,3.0,4,0.95,S3,mlp_offline_learn,8,230008,500,45.68,38,198,0,500,10750
birth_0.40,0.4,0.02,3.0,4,0.95,S4,mlp_learn,1,140001,500,50.2,49,207,0,500,10229
birth_0.40,0.4,0.02,3.0,4,0.95,S4,mlp_learn,5,140005,500,47.08,76,214,0,500,9317
birth_0.40,0.4,0.02,3.0,4,0.95,S4,mlp_offline_learn,0,240000,500,49.06,66,214,0,500,12202
birth_0.40,0.4,0.02,3.0,4,0.95,S4,mlp_offline_learn,1,240001,500,48.46,71,208,0,500,12399
birth_0.40,0.4,0.02,3.0,4,0.95,S4,mlp_offline_learn,2,240002,500,50.18,55,213,0,500,12374
survival_0.00,0.2,0.0,3.0,4,0.95,S2,rule_learn,0,20000,500,35.94,54,204,0,500,10422
survival_0.00,0.2,0.0,3.0,4,0.95,S2,rule_learn,1,20001,500,33.78,30,199,0,500,11429
survival_0.00,0.2,0.0,3.0,4,0.95,S2,rule_learn,2,20002,500,36.36,21,205,0,500,11628
survival_0.00,0.2,0.0,3.0,4,0.95,S2,rule_learn,3,20003,500,34.54,36,199,0,500,12046
survival_0.00,0.2,0.0,3.0,4,0.95,S2,rule_learn,4,20004,500,38.48,26,207,0,500,10635
survival_0.00,0.2,0.0,3.0,4,0.95,S2,rule_learn,5,20005,500,33.3,36,213,0,500,12622
survival_0.00,0.2,0.0,3.0,4,0.95,S2,rule_learn,6,20006,500,37.64,38,199,0,500,12058
survival_0.00,0.2,0.0,3.0,4,0.95,S2,rule_learn,7,20007,500,37.04,21,210,0,500,10486
survival_0.00,0.2,0.0,3.0,4,0.95,S2,rule_learn,8,20008,500,32.74,27,210,0,500,12630
survival_0.00,0.2,0.0,3.0,4,0.95,S2,rule_learn,9,20009,500,37.2,65,203,0,500,10726
survival_0.00,0.2,0.0,3.0,4,0.95,S2,mlp_learn,0,120000,500,74.72222222222223,0,191,1,17,345
survival_0.00,0.2,0.0,3.0,4,0.95,S2,mlp_learn,1,120001,500,60.77272727272727,0,189,1,21,355
birth_0.40,0.4,0.02,3.0,4,0.95,S4,mlp_offline_learn,3,240003,500,51.16,51,213,0,500,11967
survival_0.00,0.2,0.0,3.0,4,0.95,S2,mlp_learn,2,120002,500,98.92307692307692,0,182,1,12,354
survival_0.00,0.2,0.0,3.0,4,0.95,S2,mlp_learn,3,120003,500,79.6875,0,194,1,15,406
survival_0.00,0.2,0.0,3.0,4,0.95,S2,mlp_learn,4,120004,500,79.82352941176471,0,176,1,16,428
survival_0.00,0.2,0.0,3.0,4,0.95,S2,mlp_learn,5,120005,500,102.92307692307692,0,189,1,12,371
birth_0.40,0.4,0.02,3.0,4,0.95,S4,mlp_offline_learn,5,240005,500,53.06,43,207,0,500,12369
birth_0.40,0.4,0.02,3.0,4,0.95,S4,mlp_offline_learn,4,240004,500,49.62,74,211,0,500,12151
survival_0.00,0.2,0.0,3.0,4,0.95,S2,mlp_learn,7,120007,500,67.52631578947368,0,184,1,18,375
survival_0.00,0.2,0.0,3.0,4,0.95,S2,mlp_learn,8,120008,500,85.2,0,190,1,14,350
survival_0.00,0.2,0.0,3.0,4,0.95,S2,mlp_offline_learn,1,220001,500,92.07142857142857,0,202,1,13,296
birth_0.40,0.4,0.02,3.0,4,0.95,S4,mlp_offline_learn,6,240006,500,50.16,68,210,0,500,12303
survival_0.00,0.2,0.0,3.0,4,0.95,S2,mlp_learn,9,120009,500,31.28,0,183,1,175,2299
survival_0.00,0.2,0.0,3.0,4,0.95,S2,mlp_learn,6,120006,500,29.36,0,198,1,252,3550
birth_0.40,0.4,0.02,3.0,4,0.95,S4,mlp_offline_learn,7,240007,500,51.2,47,202,0,500,12053
birth_0.40,0.4,0.02,3.0,4,0.95,S4,mlp_offline_learn,8,240008,500,51.16,37,215,0,500,12164
birth_0.40,0.4,0.02,3.0,4,0.95,S4,mlp_offline_learn,9,240009,500,50.92,55,203,0,500,12212
survival_0.00,0.2,0.0,3.0,4,0.95,S2,mlp_offline_learn,7,220007,500,94.6923076923077,0,202,1,12,246
survival_0.00,0.2,0.0,3.0,4,0.95,S2,mlp_offline_learn,0,220000,500,37.64,45,197,0,500,9299
survival_0.00,0.2,0.0,3.0,4,0.95,S3,rule_learn,0,30000,500,44.5,58,209,0,500,12066
survival_0.00,0.2,0.0,3.0,4,0.95,S3,rule_learn,1,30001,500,40.86,42,212,0,500,14503
survival_0.00,0.2,0.0,3.0,4,0.95,S3,rule_learn,2,30002,500,37.86,48,214,0,500,11881
survival_0.00,0.2,0.0,3.0,4,0.95,S2,mlp_offline_learn,8,220008,500,34.86,0,198,1,82,1346
survival_0.00,0.2,0.0,3.0,4,0.95,S3,rule_learn,3,30003,500,43.56,39,203,0,500,11974
survival_0.00,0.2,0.0,3.0,4,0.95,S3,rule_learn,4,30004,500,47.18,12,214,0,500,9818
survival_0.00,0.2,0.0,3.0,4,0.95,S3,rule_learn,5,30005,500,44.48,22,206,0,500,12817
survival_0.00,0.2,0.0,3.0,4,0.95,S3,rule_learn,6,30006,500,39.2,15,197,0,500,13317
survival_0.00,0.2,0.0,3.0,4,0.95,S3,rule_learn,7,30007,500,43.58,26,206,0,500,10656
survival_0.00,0.2,0.0,3.0,4,0.95,S3,rule_learn,8,30008,500,44.48,45,217,0,500,12695
survival_0.00,0.2,0.0,3.0,4,0.95,S3,rule_learn,9,30009,500,43.22,15,219,0,500,11771
survival_0.00,0.2,0.0,3.0,4,0.95,S2,mlp_offline_learn,2,220002,500,38.08,37,187,0,500,9389
survival_0.00,0.2,0.0,3.0,4,0.95,S3,mlp_learn,0,130000,500,73.42105263157895,0,200,1,18,384
survival_0.00,0.2,0.0,3.0,4,0.95,S3,mlp_learn,2,130002,500,91.5625,0,198,1,15,402
survival_0.00,0.2,0.0,3.0,4,0.95,S2,mlp_offline_learn,9,220009,500,37.48,0,188,1,157,2943
survival_0.00,0.2,0.0,3.0,4,0.95,S3,mlp_learn,3,130003,500,77.47368421052632,0,209,1,18,375
survival_0.00,0.2,0.0,3.0,4,0.95,S3,mlp_learn,5,130005,500,78.0,0,207,1,18,393
survival_0.00,0.2,0.0,3.0,4,0.95,S3,mlp_learn,6,130006,500,87.375,0,205,1,15,347
survival_0.00,0.2,0.0,3.0,4,0.95,S2,mlp_offline_learn,5,220005,500,36.42,22,192,0,500,9531
survival_0.00,0.2,0.0,3.0,4,0.95,S2,mlp_offline_learn,3,220003,500,39.6,29,189,0,500,9462
survival_0.00,0.2,0.0,3.0,4,0.95,S2,mlp_offline_learn,4,220004,500,33.16,25,195,0,500,9317
survival_0.00,0.2,0.0,3.0,4,0.95,S3,mlp_learn,7,130007,500,100.14285714285714,0,193,1,13,375
survival_0.00,0.2,0.0,3.0,4,0.95,S3,mlp_learn,8,130008,500,68.9,0,195,1,19,365
survival_0.00,0.2,0.0,3.0,4,0.95,S3,mlp_learn,9,130009,500,72.75,0,202,1,19,367
survival_0.00,0.2,0.0,3.0,4,0.95,S3,mlp_learn,1,130001,500,46.76,0,214,1,142,2107
survival_0.00,0.2,0.0,3.0,4,0.95,S2,mlp_offline_learn,6,220006,500,38.62,37,199,0,500,9675
survival_0.00,0.2,0.0,3.0,4,0.95,S3,mlp_learn,4,130004,500,41.82,0,194,1,294,5222
survival_0.00,0.2,0.0,3.0,4,0.95,S3,mlp_offline_learn,1,230001,500,40.9,23,185,0,500,11032
survival_0.00,0.2,0.0,3.0,4,0.95,S3,mlp_offline_learn,0,230000,500,40.02,32,180,0,500,11187
survival_0.00,0.2,0.0,3.0,4,0.95,S3,mlp_offline_learn,2,230002,500,41.74,29,193,0,500,10908
survival_0.00,0.2,0.0,3.0,4,0.95,S3,mlp_offline_learn,3,230003,500,40.32,32,189,0,500,11282
survival_0.00,0.2,0.0,3.0,4,0.95,S4,rule_learn,0,40000,500,46.52,27,213,0,500,13483
survival_0.00,0.2,0.0,3.0,4,0.95,S4,rule_learn,1,40001,500,50.92,83,218,0,500,11856
survival_0.00,0.2,0.0,3.0,4,0.95,S4,rule_learn,2,40002,500,48.44,77,219,0,500,14501
survival_0.00,0.2,0.0,3.0,4,0.95,S3,mlp_offline_learn,4,230004,500,43.52,47,189,0,500,11070
survival_0.00,0.2,0.0,3.0,4,0.95,S4,rule_learn,3,40003,500,50.68,89,220,0,500,12157
survival_0.00,0.2,0.0,3.0,4,0.95,S4,rule_learn,4,40004,500,49.96,58,219,0,500,14287
survival_0.00,0.2,0.0,3.0,4,0.95,S4,rule_learn,5,40005,500,52.1,31,220,0,500,12762
survival_0.00,0.2,0.0,3.0,4,0.95,S4,rule_learn,6,40006,500,53.82,31,216,0,500,12103
survival_0.00,0.2,0.0,3.0,4,0.95,S4,rule_learn,7,40007,500,46.58,47,215,0,500,15064
survival_0.00,0.2,0.0,3.0,4,0.95,S4,rule_learn,8,40008,500,50.2,34,212,0,500,12897
survival_0.00,0.2,0.0,3.0,4,0.95,S4,rule_learn,9,40009,500,48.86,45,222,0,500,13434
survival_0.00,0.2,0.0,3.0,4,0.95,S3,mlp_offline_learn,5,230005,500,42.22,54,202,0,500,10702
survival_0.00,0.2,0.0,3.0,4,0.95,S4,mlp_learn,3,140003,500,100.625,0,201,1,15,388
survival_0.00,0.2,0.0,3.0,4,0.95,S3,mlp_offline_learn,6,230006,500,44.16,24,182,0,500,11148
survival_0.00,0.2,0.0,3.0,4,0.95,S3,mlp_offline_learn,7,230007,500,44.16,42,200,0,500,11132
survival_0.00,0.2,0.0,3.0,4,0.95,S4,mlp_learn,6,140006,500,99.6875,0,205,1,15,387
survival_0.00,0.2,0.0,3.0,4,0.95,S4,mlp_learn,7,140007,500,113.2,0,216,1,14,373
survival_0.00,0.2,0.0,3.0,4,0.95,S4,mlp_learn,8,140008,500,110.53333333333333,0,217,1,14,376
survival_0.00,0.2,0.0,3.0,4,0.95,S3,mlp_offline_learn,9,230009,500,37.5,23,186,0,500,10963
survival_0.00,0.2,0.0,3.0,4,0.95,S3,mlp_offline_learn,8,230008,500,44.42,17,198,0,500,10850
survival_0.00,0.2,0.0,3.0,4,0.95,S4,mlp_learn,1,140001,500,50.74,29,207,0,500,10350
survival_0.00,0.2,0.0,3.0,4,0.95,S4,mlp_learn,2,140002,500,44.2,30,210,0,500,7970
survival_0.00,0.2,0.0,3.0,4,0.95,S4,mlp_learn,0,140000,500,47.66,35,212,0,500,9422
survival_0.00,0.2,0.0,3.0,4,0.95,S4,mlp_learn,4,140004,500,48.14,37,210,0,500,9143
survival_0.00,0.2,0.0,3.0,4,0.95,S4,mlp_learn,5,140005,500,53.36,58,214,0,500,9345
survival_0.00,0.2,0.0,3.0,4,0.95,S4,mlp_learn,9,140009,500,44.52,16,203,0,500,9712
survival_0.00,0.2,0.0,3.0,4,0.95,S4,mlp_offline_learn,0,240000,500,49.36,75,214,0,500,12047
survival_0.00,0.2,0.0,3.0,4,0.95,S4,mlp_offline_learn,1,240001,500,51.5,49,208,0,500,12361
survival_0.00,0.2,0.0,3.0,4,0.95,S4,mlp_offline_learn,2,240002,500,51.32,33,213,0,500,12077
survival_0.05,0.2,0.05,3.0,4,0.95,S2,rule_learn,0,20000,500,37.64,22,204,0,500,11080
survival_0.05,0.2,0.05,3.0,4,0.95,S2,rule_learn,1,20001,500,33.44,33,199,0,500,11932
survival_0.05,0.2,0.05,3.0,4,0.95,S2,rule_learn,2,20002,500,35.64,47,205,0,500,11801
survival_0.05,0.2,0.05,3.0,4,0.95,S2,rule_learn,3,20003,500,33.36,63,199,0,500,11832
survival_0.05,0.2,0.05,3.0,4,0.95,S2,rule_learn,4,20004,500,38.24,34,207,0,500,10221
survival_0.05,0.2,0.05,3.0,4,0.95,S2,rule_learn,5,20005,500,32.44,35,213,0,500,12756
survival_0.05,0.2,0.05,3.0,4,0.95,S2,rule_learn,6,20006,500,34.54,29,199,0,500,12024
survival_0.05,0.2,0.05,3.0,4,0.95,S2,rule_learn,7,20007,500,38.08,56,210,0,500,10523
survival_0.05,0.2,0.05,3.0,4,0.95,S2,rule_learn,8,20008,500,35.38,22,210,0,500,12683
survival_0.00,0.2,0.0,3.0,4,0.95,S4,mlp_offline_learn,4,240004,500,46.86,10,211,0,500,12087
survival_0.05,0.2,0.05,3.0,4,0.95,S2,rule_learn,9,20009,500,33.76,18,203,0,500,10522
survival_0.00,0.2,0.0,3.0,4,0.95,S4,mlp_offline_learn,3,240003,500,52.12,48,213,0,500,12179
survival_0.00,0.2,0.0,3.0,4,0.95,S4,mlp_offline_learn,5,240005,500,49.66,49,207,0,500,12143
survival_0.05,0.2,0.05,3.0,4,0.95,S2,mlp_learn,0,120000,500,74.72222222222223,0,191,1,17,345
survival_0.05,0.2,0.05,3.0,4,0.95,S2,mlp_learn,2,120002,500,98.92307692307692,0,182,1,12,354
survival_0.05,0.2,0.05,3.0,4,0.95,S2,mlp_learn,1,120001,500,60.77272727272727,0,189,1,21,355
survival_0.05,0.2,0.05,3.0,4,0.95,S2,mlp_learn,3,120003,500,79.875,0,194,1,15,409
survival_0.05,0.2,0.05,3.0,4,0.95,S2,mlp_learn,5,120005,500,102.92307692307692,0,189,1,12,371
survival_0.05,0.2,0.05,3.0,4,0.95,S2,mlp_learn,4,120004,500,79.82352941176471,0,176,1,16,428
survival_0.00,0.2,0.0,3.0,4,0.95,S4,mlp_offline_learn,6,240006,500,48.94,59,210,0,500,12473
survival_0.05,0.2,0.05,3.0,4,0.95,S2,mlp_learn,7,120007,500,67.52631578947368,0,184,1,18,375
survival_0.05,0.2,0.05,3.0,4,0.95,S2,mlp_learn,8,120008,500,85.2,0,190,1,14,350
survival_0.05,0.2,0.05,3.0,4,0.95,S2,mlp_offline_learn,1,220001,500,100.6923076923077,0,202,1,12,288
survival_0.05,0.2,0.05,3.0,4,0.95,S2,mlp_learn,9,120009,500,31.52,0,183,1,57,817
survival_0.00,0.2,0.0,3.0,4,0.95,S4,mlp_offline_learn,7,240007,500,51.26,67,202,0,500,12121
survival_0.05,0.2,0.05,3.0,4,0.95,S2,mlp_learn,6,120006,500,35.48,0,198,1,450,6415
survival_0.00,0.2,0.0,3.0,4,0.95,S4,mlp_offline_learn,8,240008,500,49.94,38,215,0,500,12207
survival_0.00,0.2,0.0,3.0,4,0.95,S4,mlp_offline_learn,9,240009,500,52.86,22,203,0,500,12182
survival_0.05,0.2,0.05,3.0,4,0.95,S2,mlp_offline_learn,7,220007,500,94.6923076923077,0,202,1,12,246
survival_0.05,0.2,0.05,3.0,4,0.95,S2,mlp_offline_learn,0,220000,500,37.6,45,197,0,500,9437
survival_0.05,0.2,0.05,3.0,4,0.95,S3,rule_learn,0,30000,500,44.62,76,209,0,500,11592
survival_0.05,0.2,0.05,3.0,4,0.95,S3,rule_learn,1,30001,500,41.6,47,212,0,500,14402
survival_0.05,0.2,0.05,3.0,4,0.95,S3,rule_learn,2,30002,500,39.22,35,214,0,500,12085
survival_0.05,0.2,0.05,3.0,4,0.95,S3,rule_learn,3,30003,500,43.78,81,203,0,500,12260
survival_0.05,0.2,0.05,3.0,4,0.95,S3,rule_learn,4,30004,500,44.22,39,214,0,500,9778
survival_0.05,0.2,0.05,3.0,4,0.95,S2,mlp_offline_learn,2,220002,500,38.6,37,187,0,500,9570
survival_0.05,0.2,0.05,3.0,4,0.95,S3,rule_learn,5,30005,500,42.04,43,206,0,500,13548
survival_0.05,0.2,0.05,3.0,4,0.95,S3,rule_learn,6,30006,500,44.04,56,197,0,500,10344
survival_0.05,0.2,0.05,3.0,4,0.95,S3,rule_learn,7,30007,500,45.44,59,206,0,500,10726
survival_0.05,0.2,0.05,3.0,4,0.95,S3,rule_learn,8,30008,500,42.84,48,217,0,500,13023
survival_0.05,0.2,0.05,3.0,4,0.95,S3,rule_learn,9,30009,500,44.72,56,219,0,500,12129
survival_0.05,0.2,0.05,3.0,4,0.95,S2,mlp_offline_learn,3,220003,500,38.18,53,189,0,500,9462
survival_0.05,0.2,0.05,3.0,4,0.95,S2,mlp_offline_learn,4,220004,500,36.46,64,195,0,500,9502
survival_0.05,0.2,0.05,3.0,4,0.95,S3,mlp_learn,0,130000,500,73.42105263157895,0,200,1,18,384
survival_0.05,0.2,0.05,3.0,4,0.95,S2,mlp_offline_learn,8,220008,500,35.04,0,198,1,83,1376
survival_0.05,0.2,0.05,3.0,4,0.95,S3,mlp_learn,2,130002,500,91.5625,0,198,1,15,402
survival_0.05,0.2,0.05,3.0,4,0.95,S3,mlp_learn,3,130003,500,77.47368421052632,0,209,1,18,375
survival_0.05,0.2,0.05,3.0,4,0.95,S3,mlp_learn,6,130006,500,87.375,0,205,1,15,347
survival_0.05,0.2,0.05,3.0,4,0.95,S3,mlp_learn,5,130005,500,78.0,0,207,1,18,393
survival_0.05,0.2,0.05,3.0,4,0.95,S3,mlp_learn,7,130007,500,100.14285714285714,0,193,1,13,375
survival_0.05,0.2,0.05,3.0,4,0.95,S3,mlp_learn,8,130008,500,68.9,0,195,1,19,365
survival_0.05,0.2,0.05,3.0,4,0.95,S3,mlp_learn,9,130009,500,72.75,0,202,1,19,367
survival_0.05,0.2,0.05,3.0,4,0.95,S3,mlp_learn,1,130001,500,38.52,0,214,1,100,1249
survival_0.05,0.2,0.05,3.0,4,0.95,S2,mlp_offline_learn,5,220005,500,38.02,37,192,0,500,9423
survival_0.05,0.2,0.05,3.0,4,0.95,S2,mlp_offline_learn,6,220006,500,37.58,59,199,0,500,9552
survival_0.05,0.2,0.05,3.0,4,0.95,S2,mlp_offline_learn,9,220009,500,36.28,18,188,0,500,9552
survival_0.05,0.2,0.05,3.0,4,0.95,S3,mlp_learn,4,130004,500,43.86,27,194,0,500,8643
survival_0.05,0.2,0.05,3.0,4,0.95,S3,mlp_offline_learn,0,230000,500,42.68,31,180,0,500,11408
survival_0.05,0.2,0.05,3.0,4,0.95,S3,mlp_offline_learn,1,230001,500,45.76,82,185,0,500,11009
survival_0.05,0.2,0.05,3.0,4,0.95,S3,mlp_offline_learn,3,230003,500,43.24,47,189,0,500,11328
survival_0.05,0.2,0.05,3.0,4,0.95,S4,rule_learn,0,40000,500,49.6,50,213,0,500,13693
survival_0.05,0.2,0.05,3.0,4,0.95,S3,mlp_offline_learn,2,230002,500,43.54,35,193,0,500,11349
survival_0.05,0.2,0.05,3.0,4,0.95,S4,rule_learn,1,40001,500,51.62,29,218,0,500,12910
survival_0.05,0.2,0.05,3.0,4,0.95,S4,rule_learn,2,40002,500,50.04,87,215,0,500,13116
survival_0.05,0.2,0.05,3.0,4,0.95,S4,rule_learn,3,40003,500,51.96,89,220,0,500,12445
survival_0.05,0.2,0.05,3.0,4,0.95,S4,rule_learn,4,40004,500,48.28,49,219,0,500,14199
survival_0.05,0.2,0.05,3.0,4,0.95,S4,rule_learn,5,40005,500,51.3,35,220,0,500,12948
survival_0.05,0.2,0.05,3.0,4,0.95,S4,rule_learn,6,40006,500,49.96,32,216,0,500,14456
survival_0.05,0.2,0.05,3.0,4,0.95,S4,rule_learn,7,40007,500,47.58,49,215,0,500,14837
survival_0.05,0.2,0.05,3.0,4,0.95,S4,rule_learn,8,40008,500,49.92,31,212,0,500,13088
survival_0.05,0.2,0.05,3.0,4,0.95,S4,rule_learn,9,40009,500,47.92,53,222,0,500,14716
survival_0.05,0.2,0.05,3.0,4,0.95,S4,mlp_learn,0,140000,500,100.1875,0,212,1,15,379
survival_0.05,0.2,0.05,3.0,4,0.95,S3,mlp_offline_learn,4,230004,500,43.98,17,189,0,500,11161
survival_0.05,0.2,0.05,3.0,4,0.95,S4,mlp_learn,3,140003,500,100.625,0,201,1,15,388
survival_0.05,0.2,0.05,3.0,4,0.95,S3,mlp_offline_learn,5,230005,500,42.84,42,202,0,500,10820
survival_0.05,0.2,0.05,3.0,4,0.95,S3,mlp_offline_learn,6,230006,500,46.24,53,182,0,500,11492
survival_0.05,0.2,0.05,3.0,4,0.95,S4,mlp_learn,6,140006,500,99.6875,0,205,1,15,387
survival_0.05,0.2,0.05,3.0,4,0.95,S4,mlp_learn,7,140007,500,113.2,0,216,1,14,373
survival_0.05,0.2,0.05,3.0,4,0.95,S4,mlp_learn,8,140008,500,110.53333333333333,0,217,1,14,376
survival_0.05,0.2,0.05,3.0,4,0.95,S3,mlp_offline_learn,7,230007,500,46.2,42,200,0,500,11098
survival_0.05,0.2,0.05,3.0,4,0.95,S3,mlp_offline_learn,8,230008,500,43.72,15,198,0,500,11281
survival_0.05,0.2,0.05,3.0,4,0.95,S3,mlp_offline_learn,9,230009,500,43.28,63,186,0,500,11025
survival_0.05,0.2,0.05,3.0,4,0.95,S4,mlp_learn,1,140001,500,54.94,97,207,0,500,10307
survival_0.05,0.2,0.05,3.0,4,0.95,S4,mlp_learn,2,140002,500,56.66,98,210,0,500,8205
survival_0.05,0.2,0.05,3.0,4,0.95,S4,mlp_learn,5,140005,500,50.38,39,214,0,500,9398
survival_0.05,0.2,0.05,3.0,4,0.95,S4,mlp_learn,4,140004,500,50.38,77,210,0,500,8710
survival_0.05,0.2,0.05,3.0,4,0.95,S4,mlp_learn,9,140009,500,54.94,21,203,0,500,9491
survival_0.05,0.2,0.05,3.0,4,0.95,S4,mlp_offline_learn,0,240000,500,51.24,11,214,0,500,12187
survival_0.05,0.2,0.05,3.0,4,0.95,S4,mlp_offline_learn,1,240001,500,48.04,32,208,0,500,12373
survival_0.05,0.2,0.05,3.0,4,0.95,S4,mlp_offline_learn,2,240002,500,51.3,45,213,0,500,12197
energy_scale_1.5,0.2,0.02,1.5,4,0.95,S2,rule_learn,0,20000,500,38.2,51,204,0,500,10836
energy_scale_1.5,0.2,0.02,1.5,4,0.95,S2,rule_learn,1,20001,500,34.64,43,199,0,500,11930
energy_scale_1.5,0.2,0.02,1.5,4,0.95,S2,rule_learn,2,20002,500,34.42,50,205,0,500,12297
energy_scale_1.5,0.2,0.02,1.5,4,0.95,S2,rule_learn,3,20003,500,36.24,15,199,0,500,11558
energy_scale_1.5,0.2,0.02,1.5,4,0.95,S2,rule_learn,4,20004,500,36.98,57,207,0,500,10840
energy_scale_1.5,0.2,0.02,1.5,4,0.95,S2,rule_learn,5,20005,500,31.92,35,213,0,500,12820
energy_scale_1.5,0.2,0.02,1.5,4,0.95,S2,rule_learn,6,20006,500,34.16,46,199,0,500,11990
energy_scale_1.5,0.2,0.02,1.5,4,0.95,S2,rule_learn,7,20007,500,39.84,44,210,0,500,10467
energy_scale_1.5,0.2,0.02,1.5,4,0.95,S2,rule_learn,8,20008,500,36.6,25,203,0,500,11771
energy_scale_1.5,0.2,0.02,1.5,4,0.95,S2,rule_learn,9,20009,500,34.18,45,203,0,500,10598
energy_scale_1.5,0.2,0.02,1.5,4,0.95,S2,mlp_learn,0,120000,500,74.72222222222223,0,191,1,17,345
survival_0.05,0.2,0.05,3.0,4,0.95,S4,mlp_offline_learn,3,240003,500,50.02,27,213,0,500,12233
energy_scale_1.5,0.2,0.02,1.5,4,0.95,S2,mlp_learn,1,120001,500,60.77272727272727,0,189,1,21,355
energy_scale_1.5,0.2,0.02,1.5,4,0.95,S2,mlp_learn,2,120002,500,98.92307692307692,0,182,1,12,354
survival_0.05,0.2,0.05,3.0,4,0.95,S4,mlp_offline_learn,4,240004,500,48.12,36,211,0,500,12493
energy_scale_1.5,0.2,0.02,1.5,4,0.95,S2,mlp_learn,3,120003,500,79.6875,0,194,1,15,406
energy_scale_1.5,0.2,0.02,1.5,4,0.95,S2,mlp_learn,4,120004,500,79.82352941176471,0,176,1,16,428
survival_0.05,0.2,0.05,3.0,4,0.95,S4,mlp_offline_learn,5,240005,500,49.76,21,207,0,500,12546
energy_scale_1.5,0.2,0.02,1.5,4,0.95,S2,mlp_learn,5,120005,500,102.92307692307692,0,189,1,12,371
survival_0.05,0.2,0.05,3.0,4,0.95,S4,mlp_offline_learn,6,240006,500,49.3,60,210,0,500,12391
energy_scale_1.5,0.2,0.02,1.5,4,0.95,S2,mlp_learn,7,120007,500,67.52631578947368,0,184,1,18,375
energy_scale_1.5,0.2,0.02,1.5,4,0.95,S2,mlp_learn,8,120008,500,85.2,0,190,1,14,350
energy_scale_1.5,0.2,0.02,1.5,4,0.95,S2,mlp_offline_learn,1,220001,500,100.6923076923077,0,202,1,12,288
energy_scale_1.5,0.2,0.02,1.5,4,0.95,S2,mlp_learn,9,120009,500,33.62,0,183,1,127,1750
survival_0.05,0.2,0.05,3.0,4,0.95,S4,mlp_offline_learn,7,240007,500,50.48,45,202,0,500,12109
survival_0.05,0.2,0.05,3.0,4,0.95,S4,mlp_offline_learn,8,240008,500,53.44,77,215,0,500,12069
energy_scale_1.5,0.2,0.02,1.5,4,0.95,S2,mlp_learn,6,120006,500,38.4,32,198,0,500,7118
energy_scale_1.5,0.2,0.02,1.5,4,0.95,S2,mlp_offline_learn,7,220007,500,94.6923076923077,0,202,1,12,246
survival_0.05,0.2,0.05,3.0,4,0.95,S4,mlp_offline_learn,9,240009,500,48.16,73,203,0,500,12231
energy_scale_1.5,0.2,0.02,1.5,4,0.95,S2,mlp_offline_learn,0,220000,500,37.98,50,197,0,500,9452
energy_scale_1.5,0.2,0.02,1.5,4,0.95,S2,mlp_offline_learn,2,220002,500,37.38,45,187,0,500,9404
energy_scale_1.5,0.2,0.02,1.5,4,0.95,S2,mlp_offline_learn,8,220008,500,55.575,0,198,1,39,668
energy_scale_1.5,0.2,0.02,1.5,4,0.95,S3,rule_learn,0,30000,500,41.4,55,209,0,500,11239
energy_scale_1.5,0.2,0.02,1.5,4,0.95,S3,rule_learn,1,30001,500,39.48,33,212,0,500,14106
energy_scale_1.5,0.2,0.02,1.5,4,0.95,S3,rule_learn,2,30002,500,43.9,59,214,0,500,10100
energy_scale_1.5,0.2,0.02,1.5,4,0.95,S3,rule_learn,3,30003,500,44.56,38,203,0,500,10976
energy_scale_1.5,0.2,0.02,1.5,4,0.95,S3,rule_learn,4,30004,500,45.2,34,214,0,500,10002
energy_scale_1.5,0.2,0.02,1.5,4,0.95,S3,rule_learn,5,30005,500,39.84,30,206,0,500,13706
energy_scale_1.5,0.2,0.02,1.5,4,0.95,S3,rule_learn,6,30006,500,45.42,60,197,0,500,10569
energy_scale_1.5,0.2,0.02,1.5,4,0.95,S3,rule_learn,7,30007,500,44.6,36,207,0,500,10847
energy_scale_1.5,0.2,0.02,1.5,4,0.95,S3,rule_learn,8,30008,500,45.06,25,217,0,500,10212
energy_scale_1.5,0.2,0.02,1.5,4,0.95,S3,rule_learn,9,30009,500,41.28,31,219,0,500,13430
energy_scale_1.5,0.2,0.02,1.5,4,0.95,S2,mlp_offline_learn,3,220003,500,41.16,69,189,0,500,9304
energy_scale_1.5,0.2,0.02,1.5,4,0.95,S3,mlp_learn,0,130000,500,73.42105263157895,0,200,1,18,384
energy_scale_1.5,0.2,0.02,1.5,4,0.95,S3,mlp_learn,2,130002,500,91.5625,0,198,1,15,402
energy_scale_1.5,0.2,0.02,1.5,4,0.95,S3,mlp_learn,3,130003,500,77.47368421052632,0,209,1,18,375
energy_scale_1.5,0.2,0.02,1.5,4,0.95,S3,mlp_learn,5,130005,500,78.0,0,207,1,18,393
energy_scale_1.5,0.2,0.02,1.5,4,0.95,S2,mlp_offline_learn,4,220004,500,36.32,44,195,0,500,9320
energy_scale_1.5,0.2,0.02,1.5,4,0.95,S3,mlp_learn,6,130006,500,87.375,0,205,1,15,347
energy_scale_1.5,0.2,0.02,1.5,4,0.95,S3,mlp_learn,7,130007,500,100.14285714285714,0,193,1,13,375
energy_scale_1.5,0.2,0.02,1.5,4,0.95,S3,mlp_learn,8,130008,500,68.9,0,195,1,19,365
energy_scale_1.5,0.2,0.02,1.5,4,0.95,S3,mlp_learn,9,130009,500,72.75,0,202,1,19,367
energy_scale_1.5,0.2,0.02,1.5,4,0.95,S3,mlp_learn,1,130001,500,46.76,0,214,1,142,2107
energy_scale_1.5,0.2,0.02,1.5,4,0.95,S2,mlp_offline_learn,5,220005,500,39.8,54,192,0,500,9420
energy_scale_1.5,0.2,0.02,1.5,4,0.95,S2,mlp_offline_learn,6,220006,500,37.74,21,199,0,500,9421
energy_scale_1.5,0.2,0.02,1.5,4,0.95,S2,mlp_offline_learn,9,220009,500,31.26,34,188,0,500,9099
energy_scale_1.5,0.2,0.02,1.5,4,0.95,S3,mlp_learn,4,130004,500,39.7,70,194,0,500,8901
energy_scale_1.5,0.2,0.02,1.5,4,0.95,S3,mlp_offline_learn,0,230000,500,43.02,53,180,0,500,11252
energy_scale_1.5,0.2,0.02,1.5,4,0.95,S3,mlp_offline_learn,1,230001,500,38.82,67,185,0,500,11057
energy_scale_1.5,0.2,0.02,1.5,4,0.95,S3,mlp_offline_learn,2,230002,500,41.74,66,193,0,500,11390
energy_scale_1.5,0.2,0.02,1.5,4,0.95,S4,rule_learn,0,40000,500,48.84,51,213,0,500,13494
energy_scale_1.5,0.2,0.02,1.5,4,0.95,S4,rule_learn,1,40001,500,43.98,63,218,0,500,15689
energy_scale_1.5,0.2,0.02,1.5,4,0.95,S4,rule_learn,2,40002,500,48.98,58,219,0,500,14607
energy_scale_1.5,0.2,0.02,1.5,4,0.95,S4,rule_learn,3,40003,500,51.22,81,220,0,500,12058
energy_scale_1.5,0.2,0.02,1.5,4,0.95,S4,rule_learn,4,40004,500,51.02,31,219,0,500,13673
energy_scale_1.5,0.2,0.02,1.5,4,0.95,S4,rule_learn,5,40005,500,49.86,47,220,0,500,13104
energy_scale_1.5,0.2,0.02,1.5,4,0.95,S4,rule_learn,6,40006,500,44.66,59,216,0,500,13815
energy_scale_1.5,0.2,0.02,1.5,4,0.95,S4,rule_learn,7,40007,500,46.18,29,215,0,500,15408
energy_scale_1.5,0.2,0.02,1.5,4,0.95,S3,mlp_offline_learn,3,230003,500,45.88,24,189,0,500,11330
energy_scale_1.5,0.2,0.02,1.5,4,0.95,S4,rule_learn,8,40008,500,47.34,53,212,0,500,14337
energy_scale_1.5,0.2,0.02,1.5,4,0.95,S4,rule_learn,9,40009,500,47.78,47,219,0,500,15047
energy_scale_1.5,0.2,0.02,1.5,4,0.95,S4,mlp_learn,0,140000,500,100.1875,0,212,1,15,379
energy_scale_1.5,0.2,0.02,1.5,4,0.95,S3,mlp_offline_learn,4,230004,500,41.7,27,189,0,500,11101
energy_scale_1.5,0.2,0.02,1.5,4,0.95,S4,mlp_learn,3,140003,500,100.625,0,201,1,15,388
energy_scale_1.5,0.2,0.02,1.5,4,0.95,S3,mlp_offline_learn,5,230005,500,43.0,14,202,0,500,10942
energy_scale_1.5,0.2,0.02,1.5,4,0.95,S3,mlp_offline_learn,6,230006,500,45.92,35,182,0,500,11048
energy_scale_1.5,0.2,0.02,1.5,4,0.95,S4,mlp_learn,6,140006,500,99.6875,0,205,1,15,387
energy_scale_1.5,0.2,0.02,1.5,4,0.95,S4,mlp_learn,7,140007,500,113.2,0,216,1,14,373
energy_scale_1.5,0.2,0.02,1.5,4,0.95,S4,mlp_learn,2,140002,500,46.46,0,210,1,238,3849
energy_scale_1.5,0.2,0.02,1.5,4,0.95,S3,mlp_offline_learn,7,230007,500,45.52,12,200,0,500,10894
energy_scale_1.5,0.2,0.02,1.5,4,0.95,S4,mlp_learn,8,140008,500,88.0,0,217,1,18,374
energy_scale_1.5,0.2,0.02,1.5,4,0.95,S4,mlp_learn,5,140005,500,42.84,0,214,1,195,3717
energy_scale_1.5,0.2,0.02,1.5,4,0.95,S4,mlp_learn,4,140004,500,46.54,0,210,1,236,4243
energy_scale_1.5,0.2,0.02,1.5,4,0.95,S3,mlp_offline_learn,8,230008,500,44.5,39,198,0,500,11162
energy_scale_1.5,0.2,0.02,1.5,4,0.95,S3,mlp_offline_learn,9,230009,500,44.12,62,186,0,500,11075
energy_scale_1.5,0.2,0.02,1.5,4,0.95,S4,mlp_learn,1,140001,500,51.28,59,207,0,500,10262
energy_scale_1.5,0.2,0.02,1.5,4,0.95,S4,mlp_learn,9,140009,500,53.32,60,203,0,500,9470
energy_scale_1.5,0.2,0.02,1.5,4,0.95,S4,mlp_offline_learn,0,240000,500,49.62,85,214,0,500,12376
energy_scale_1.5,0.2,0.02,1.5,4,0.95,S4,mlp_offline_learn,1,240001,500,50.02,48,208,0,500,12366
energy_scale_1.5,0.2,0.02,1.5,4,0.95,S4,mlp_offline_learn,2,240002,500,51.82,70,213,0,500,12050
energy_scale_6.0,0.2,0.02,6.0,4,0.95,S2,rule_learn,0,20000,500,37.2,49,204,0,500,10835
energy_scale_6.0,0.2,0.02,6.0,4,0.95,S2,rule_learn,1,20001,500,34.28,30,199,0,500,11887
energy_scale_1.5,0.2,0.02,1.5,4,0.95,S4,mlp_offline_learn,3,240003,500,50.18,38,213,0,500,12243
energy_scale_6.0,0.2,0.02,6.0,4,0.95,S2,rule_learn,2,20002,500,35.84,28,205,0,500,11998
energy_scale_6.0,0.2,0.02,6.0,4,0.95,S2,rule_learn,4,20004,500,33.8,35,205,0,500,11963
energy_scale_6.0,0.2,0.02,6.0,4,0.95,S2,rule_learn,3,20003,500,33.76,21,199,0,500,11861
energy_scale_6.0,0.2,0.02,6.0,4,0.95,S2,rule_learn,6,20006,500,1.0,1,207,0,500,712
energy_scale_6.0,0.2,0.02,6.0,4,0.95,S2,rule_learn,5,20005,500,32.18,28,213,0,500,12645
energy_scale_6.0,0.2,0.02,6.0,4,0.95,S2,rule_learn,7,20007,500,34.1,28,210,0,500,10484
energy_scale_6.0,0.2,0.02,6.0,4,0.95,S2,rule_learn,8,20008,500,33.92,46,202,0,500,11845
energy_scale_6.0,0.2,0.02,6.0,4,0.95,S2,rule_learn,9,20009,500,33.46,23,204,0,500,11242
energy_scale_6.0,0.2,0.02,6.0,4,0.95,S2,mlp_learn,1,120001,500,60.77272727272727,0,189,1,21,355
energy_scale_6.0,0.2,0.02,6.0,4,0.95,S2,mlp_learn,0,120000,500,74.72222222222223,0,191,1,17,345
energy_scale_6.0,0.2,0.02,6.0,4,0.95,S2,mlp_learn,2,120002,500,98.92307692307692,0,182,1,12,354
energy_scale_6.0,0.2,0.02,6.0,4,0.95,S2,mlp_learn,3,120003,500,79.875,0,194,1,15,409
energy_scale_1.5,0.2,0.02,1.5,4,0.95,S4,mlp_offline_learn,4,240004,500,50.86,45,211,0,500,12860
energy_scale_1.5,0.2,0.02,1.5,4,0.95,S4,mlp_offline_learn,5,240005,500,50.3,48,207,0,500,12616
energy_scale_6.0,0.2,0.02,6.0,4,0.95,S2,mlp_learn,4,120004,500,79.82352941176471,0,176,1,16,428
energy_scale_6.0,0.2,0.02,6.0,4,0.95,S2,mlp_learn,5,120005,500,102.92307692307692,0,189,1,12,371
energy_scale_6.0,0.2,0.02,6.0,4,0.95,S2,mlp_learn,7,120007,500,67.52631578947368,0,184,1,18,375
energy_scale_6.0,0.2,0.02,6.0,4,0.95,S2,mlp_learn,8,120008,500,85.2,0,190,1,14,350
energy_scale_6.0,0.2,0.02,6.0,4,0.95,S2,mlp_offline_learn,1,220001,500,100.6923076923077,0,202,1,12,288
energy_scale_6.0,0.2,0.02,6.0,4,0.95,S2,mlp_learn,9,120009,500,32.6,0,183,1,57,817
energy_scale_1.5,0.2,0.02,1.5,4,0.95,S4,mlp_offline_learn,6,240006,500,52.28,55,210,0,500,12242
energy_scale_6.0,0.2,0.02,6.0,4,0.95,S2,mlp_offline_learn,0,220000,500,35.0,0,197,1,355,6615
energy_scale_6.0,0.2,0.02,6.0,4,0.95,S2,mlp_learn,6,120006,500,34.38,34,198,0,500,7031
energy_scale_1.5,0.2,0.02,1.5,4,0.95,S4,mlp_offline_learn,8,240008,500,51.02,54,215,0,500,12322
energy_scale_1.5,0.2,0.02,1.5,4,0.95,S4,mlp_offline_learn,7,240007,500,50.24,76,202,0,500,11954
energy_scale_1.5,0.2,0.02,1.5,4,0.95,S4,mlp_offline_learn,9,240009,500,47.66,39,203,0,500,12173
energy_scale_6.0,0.2,0.02,6.0,4,0.95,S2,mlp_offline_learn,2,220002,500,36.7,29,187,0,500,9265
energy_scale_6.0,0.2,0.02,6.0,4,0.95,S2,mlp_offline_learn,3,220003,500,35.74,47,189,0,500,9147
energy_scale_6.0,0.2,0.02,6.0,4,0.95,S3,rule_learn,0,30000,500,42.64,58,209,0,500,11273
energy_scale_6.0,0.2,0.02,6.0,4,0.95,S3,rule_learn,2,30002,500,37.44,39,214,0,500,12890
energy_scale_6.0,0.2,0.02,6.0,4,0.95,S3,rule_learn,1,30001,500,40.9,51,212,0,500,14476
energy_scale_6.0,0.2,0.02,6.0,4,0.95,S3,rule_learn,3,30003,500,20.42,29,203,0,500,12124
energy_scale_6.0,0.2,0.02,6.0,4,0.95,S3,rule_learn,4,30004,500,46.46,49,214,0,500,9860
energy_scale_6.0,0.2,0.02,6.0,4,0.95,S2,mlp_offline_learn,8,220008,500,38.02,0,198,1,95,1778
energy_scale_6.0,0.2,0.02,6.0,4,0.95,S3,rule_learn,5,30005,500,43.38,69,206,0,500,10577
energy_scale_6.0,0.2,0.02,6.0,4,0.95,S3,rule_learn,6,30006,500,41.0,50,194,0,500,14431
energy_scale_6.0,0.2,0.02,6.0,4,0.95,S3,rule_learn,7,30007,500,49.76,34,206,0,500,10476
energy_scale_6.0,0.2,0.02,6.0,4,0.95,S3,rule_learn,8,30008,500,43.82,48,217,0,500,10140
energy_scale_6.0,0.2,0.02,6.0,4,0.95,S3,rule_learn,9,30009,500,45.16,28,219,0,500,10525
energy_scale_6.0,0.2,0.02,6.0,4,0.95,S2,mlp_offline_learn,4,220004,500,36.78,27,195,0,500,9306
energy_scale_6.0,0.2,0.02,6.0,4,0.95,S3,mlp_learn,0,130000,500,73.42105263157895,0,200,1,18,384
energy_scale_6.0,0.2,0.02,6.0,4,0.95,S3,mlp_learn,2,130002,500,91.5625,0,198,1,15,402
energy_scale_6.0,0.2,0.02,6.0,4,0.95,S3,mlp_learn,3,130003,500,77.47368421052632,0,209,1,18,375
energy_scale_6.0,0.2,0.02,6.0,4,0.95,S3,mlp_learn,5,130005,500,78.0,0,207,1,18,393
energy_scale_6.0,0.2,0.02,6.0,4,0.95,S3,mlp_learn,6,130006,500,87.375,0,205,1,15,347
energy_scale_6.0,0.2,0.02,6.0,4,0.95,S3,mlp_learn,7,130007,500,100.14285714285714,0,193,1,13,375
energy_scale_6.0,0.2,0.02,6.0,4,0.95,S3,mlp_learn,1,130001,500,38.52,0,214,1,100,1249
energy_scale_6.0,0.2,0.02,6.0,4,0.95,S3,mlp_learn,8,130008,500,68.9,0,195,1,19,365
energy_scale_6.0,0.2,0.02,6.0,4,0.95,S3,mlp_learn,9,130009,500,72.75,0,202,1,19,367
energy_scale_6.0,0.2,0.02,6.0,4,0.95,S2,mlp_offline_learn,5,220005,500,38.52,60,192,0,500,9373
energy_scale_6.0,0.2,0.02,6.0,4,0.95,S2,mlp_offline_learn,6,220006,500,39.3,23,199,0,500,8914
energy_scale_6.0,0.2,0.02,6.0,4,0.95,S2,mlp_offline_learn,7,220007,500,40.06,63,202,0,500,8946
energy_scale_6.0,0.2,0.02,6.0,4,0.95,S2,mlp_offline_learn,9,220009,500,37.14,22,188,0,500,9249
energy_scale_6.0,0.2,0.02,6.0,4,0.95,S3,mlp_learn,4,130004,500,37.24,53,194,0,500,8810
energy_scale_6.0,0.2,0.02,6.0,4,0.95,S3,mlp_offline_learn,0,230000,500,45.36,66,180,0,500,11182
energy_scale_6.0,0.2,0.02,6.0,4,0.95,S3,mlp_offline_learn,1,230001,500,43.06,25,185,0,500,11265
energy_scale_6.0,0.2,0.02,6.0,4,0.95,S3,mlp_offline_learn,2,230002,500,42.76,44,193,0,500,11279
energy_scale_6.0,0.2,0.02,6.0,4,0.95,S4,rule_learn,0,40000,500,51.1,39,213,0,500,12686
energy_scale_6.0,0.2,0.02,6.0,4,0.95,S4,rule_learn,1,40001,500,53.24,31,218,0,500,13171
energy_scale_6.0,0.2,0.02,6.0,4,0.95,S4,rule_learn,2,40002,500,46.96,32,219,0,500,14534
energy_scale_6.0,0.2,0.02,6.0,4,0.95,S4,rule_learn,3,40003,500,52.78,32,220,0,500,10948
energy_scale_6.0,0.2,0.02,6.0,4,0.95,S4,rule_learn,4,40004,500,50.14,56,219,0,500,14518
energy_scale_6.0,0.2,0.02,6.0,4,0.95,S4,rule_learn,5,40005,500,51.64,80,220,0,500,12475
energy_scale_6.0,0.2,0.02,6.0,4,0.95,S4,rule_learn,6,40006,500,51.04,50,217,0,500,13095
energy_scale_6.0,0.2,0.02,6.0,4,0.95,S4,rule_learn,7,40007,500,53.38,51,216,0,500,10545
energy_scale_6.0,0.2,0.02,6.0,4,0.95,S4,rule_learn,8,40008,500,54.16,39,212,0,500,11395
energy_scale_6.0,0.2,0.02,6.0,4,0.95,S4,rule_learn,9,40009,500,49.6,46,222,0,500,13332
energy_scale_6.0,0.2,0.02,6.0,4,0.95,S4,mlp_learn,0,140000,500,100.1875,0,212,1,15,379
energy_scale_6.0,0.2,0.02,6.0,4,0.95,S3,mlp_offline_learn,3,230003,500,44.82,60,189,0,500,11344
energy_scale_6.0,0.2,0.02,6.0,4,0.95,S3,mlp_offline_learn,4,230004,500,45.1,42,189,0,500,11075
energy_scale_6.0,0.2,0.02,6.0,4,0.95,S3,mlp_offline_learn,5,230005,500,43.14,35,202,0,500,11073
energy_scale_6.0,0.2,0.02,6.0,4,0.95,S4,mlp_learn,3,140003,500,100.625,0,201,1,15,388
energy_scale_6.0,0.2,0.02,6.0,4,0.95,S3,mlp_offline_learn,6,230006,500,44.08,43,182,0,500,11184
energy_scale_6.0,0.2,0.02,6.0,4,0.95,S4,mlp_learn,6,140006,500,99.6875,0,205,1,15,387
energy_scale_6.0,0.2,0.02,6.0,4,0.95,S4,mlp_learn,7,140007,500,113.2,0,216,1,14,373
energy_scale_6.0,0.2,0.02,6.0,4,0.95,S4,mlp_learn,8,140008,500,110.53333333333333,0,217,1,14,376
energy_scale_6.0,0.2,0.02,6.0,4,0.95,S3,mlp_offline_learn,7,230007,500,43.46,52,200,0,500,11004
energy_scale_6.0,0.2,0.02,6.0,4,0.95,S3,mlp_offline_learn,8,230008,500,44.7,60,198,0,500,11170
energy_scale_6.0,0.2,0.02,6.0,4,0.95,S3,mlp_offline_learn,9,230009,500,42.82,15,186,0,500,11137
energy_scale_6.0,0.2,0.02,6.0,4,0.95,S4,mlp_learn,1,140001,500,44.2,30,207,0,500,10581
energy_scale_6.0,0.2,0.02,6.0,4,0.95,S4,mlp_learn,2,140002,500,40.78,61,210,0,500,7972
energy_scale_6.0,0.2,0.02,6.0,4,0.95,S4,mlp_learn,4,140004,500,50.28,73,210,0,500,9232
energy_scale_6.0,0.2,0.02,6.0,4,0.95,S4,mlp_learn,5,140005,500,42.46,76,214,0,500,9158
energy_scale_6.0,0.2,0.02,6.0,4,0.95,S4,mlp_learn,9,140009,500,56.26,0,203,1,376,7152
energy_scale_6.0,0.2,0.02,6.0,4,0.95,S4,mlp_offline_learn,0,240000,500,49.9,78,214,0,500,12051
energy_scale_6.0,0.2,0.02,6.0,4,0.95,S4,mlp_offline_learn,1,240001,500,49.14,63,208,0,500,12288
energy_scale_6.0,0.2,0.02,6.0,4,0.95,S4,mlp_offline_learn,2,240002,500,47.24,44,213,0,500,12308
n_steps_2,0.2,0.02,3.0,2,0.95,S2,rule_learn,0,20000,500,33.12,52,204,0,500,10623
n_steps_2,0.2,0.02,3.0,2,0.95,S2,rule_learn,1,20001,500,35.92,33,199,0,500,11816
n_steps_2,0.2,0.02,3.0,2,0.95,S2,rule_learn,2,20002,500,32.7,34,205,0,500,12250
n_steps_2,0.2,0.02,3.0,2,0.95,S2,rule_learn,3,20003,500,32.76,44,199,0,500,12070
n_steps_2,0.2,0.02,3.0,2,0.95,S2,rule_learn,4,20004,500,37.3,32,207,0,500,10390
n_steps_2,0.2,0.02,3.0,2,0.95,S2,rule_learn,5,20005,500,37.06,33,213,0,500,12796
n_steps_2,0.2,0.02,3.0,2,0.95,S2,rule_learn,6,20006,500,34.3,56,199,0,500,12131
n_steps_2,0.2,0.02,3.0,2,0.95,S2,rule_learn,7,20007,500,38.88,35,210,0,500,10870
n_steps_2,0.2,0.02,3.0,2,0.95,S2,rule_learn,8,20008,500,33.88,37,210,0,500,12624
n_steps_2,0.2,0.02,3.0,2,0.95,S2,rule_learn,9,20009,500,37.78,17,203,0,500,10742
n_steps_2,0.2,0.02,3.0,2,0.95,S2,mlp_learn,0,120000,500,74.72222222222223,0,191,1,17,345
n_steps_2,0.2,0.02,3.0,2,0.95,S2,mlp_learn,1,120001,500,60.77272727272727,0,189,1,21,355
n_steps_2,0.2,0.02,3.0,2,0.95,S2,mlp_learn,2,120002,500,98.92307692307692,0,182,1,12,354
n_steps_2,0.2,0.02,3.0,2,0.95,S2,mlp_learn,3,120003,500,79.875,0,194,1,15,409
energy_scale_6.0,0.2,0.02,6.0,4,0.95,S4,mlp_offline_learn,3,240003,500,52.28,52,213,0,500,12296
energy_scale_6.0,0.2,0.02,6.0,4,0.95,S4,mlp_offline_learn,5,240005,500,52.22,33,207,0,500,12407
n_steps_2,0.2,0.02,3.0,2,0.95,S2,mlp_learn,4,120004,500,75.38888888888889,0,176,1,17,430
energy_scale_6.0,0.2,0.02,6.0,4,0.95,S4,mlp_offline_learn,4,240004,500,51.46,33,211,0,500,12392
n_steps_2,0.2,0.02,3.0,2,0.95,S2,mlp_learn,5,120005,500,102.92307692307692,0,189,1,12,371
n_steps_2,0.2,0.02,3.0,2,0.95,S2,mlp_learn,7,120007,500,67.52631578947368,0,184,1,18,375
n_steps_2,0.2,0.02,3.0,2,0.95,S2,mlp_learn,8,120008,500,85.2,0,190,1,14,350
n_steps_2,0.2,0.02,3.0,2,0.95,S2,mlp_learn,9,120009,500,70.78947368421052,0,183,1,18,372
energy_scale_6.0,0.2,0.02,6.0,4,0.95,S4,mlp_offline_learn,6,240006,500,51.26,40,210,0,500,12295
n_steps_2,0.2,0.02,3.0,2,0.95,S2,mlp_offline_learn,1,220001,500,94.28571428571429,0,202,1,13,286
n_steps_2,0.2,0.02,3.0,2,0.95,S2,mlp_offline_learn,4,220004,500,91.78571428571429,0,195,1,13,272
energy_scale_6.0,0.2,0.02,6.0,4,0.95,S4,mlp_offline_learn,7,240007,500,50.5,66,202,0,500,12460
n_steps_2,0.2,0.02,3.0,2,0.95,S2,mlp_offline_learn,6,220006,500,35.0,0,199,1,167,3007
energy_scale_6.0,0.2,0.02,6.0,4,0.95,S4,mlp_offline_learn,8,240008,500,49.06,82,215,0,500,12297
n_steps_2,0.2,0.02,3.0,2,0.95,S2,mlp_offline_learn,7,220007,500,94.6923076923077,0,202,1,12,246
energy_scale_6.0,0.2,0.02,6.0,4,0.95,S4,mlp_offline_learn,9,240009,500,48.66,56,203,0,500,12273
n_steps_2,0.2,0.02,3.0,2,0.95,S3,rule_learn,0,30000,500,43.08,73,209,0,500,11987
n_steps_2,0.2,0.02,3.0,2,0.95,S3,rule_learn,1,30001,500,41.42,54,212,0,500,14511
n_steps_2,0.2,0.02,3.0,2,0.95,S3,rule_learn,2,30002,500,37.86,48,214,0,500,11881
n_steps_2,0.2,0.02,3.0,2,0.95,S3,rule_learn,3,30003,500,44.08,26,203,0,500,11959
n_steps_2,0.2,0.02,3.0,2,0.95,S3,rule_learn,4,30004,500,46.38,36,214,0,500,10106
n_steps_2,0.2,0.02,3.0,2,0.95,S3,rule_learn,5,30005,500,38.82,24,206,0,500,13181
n_steps_2,0.2,0.02,3.0,2,0.95,S3,rule_learn,6,30006,500,40.52,48,197,0,500,13392
n_steps_2,0.2,0.02,3.0,2,0.95,S3,rule_learn,7,30007,500,42.38,15,206,0,500,10327
n_steps_2,0.2,0.02,3.0,2,0.95,S2,mlp_learn,6,120006,500,42.6,51,198,0,500,6727
n_steps_2,0.2,0.02,3.0,2,0.95,S3,rule_learn,8,30008,500,39.8,19,217,0,500,12709
n_steps_2,0.2,0.02,3.0,2,0.95,S3,rule_learn,9,30009,500,42.32,94,219,0,500,11519
n_steps_2,0.2,0.02,3.0,2,0.95,S3,mlp_learn,0,130000,500,73.42105263157895,0,200,1,18,384
n_steps_2,0.2,0.02,3.0,2,0.95,S3,mlp_learn,2,130002,500,91.5625,0,198,1,15,402
n_steps_2,0.2,0.02,3.0,2,0.95,S2,mlp_offline_learn,0,220000,500,36.16,35,197,0,500,8884
n_steps_2,0.2,0.02,3.0,2,0.95,S2,mlp_offline_learn,2,220002,500,37.84,19,182,0,500,9146
n_steps_2,0.2,0.02,3.0,2,0.95,S2,mlp_offline_learn,3,220003,500,38.12,30,189,0,500,9352
n_steps_2,0.2,0.02,3.0,2,0.95,S3,mlp_learn,3,130003,500,41.0,0,209,1,72,1003
n_steps_2,0.2,0.02,3.0,2,0.95,S3,mlp_learn,5,130005,500,78.0,0,207,1,18,393
n_steps_2,0.2,0.02,3.0,2,0.95,S3,mlp_learn,6,130006,500,87.375,0,205,1,15,347
n_steps_2,0.2,0.02,3.0,2,0.95,S3,mlp_learn,1,130001,500,41.3,0,214,1,163,2585
n_steps_2,0.2,0.02,3.0,2,0.95,S2,mlp_offline_learn,5,220005,500,38.62,48,191,0,500,9073
n_steps_2,0.2,0.02,3.0,2,0.95,S3,mlp_learn,7,130007,500,82.76470588235294,0,194,1,16,371
n_steps_2,0.2,0.02,3.0,2,0.95,S3,mlp_learn,8,130008,500,93.53333333333333,0,198,1,14,360
n_steps_2,0.2,0.02,3.0,2,0.95,S3,mlp_learn,9,130009,500,72.75,0,202,1,19,367
n_steps_2,0.2,0.02,3.0,2,0.95,S2,mlp_offline_learn,8,220008,500,34.88,27,198,0,500,8604
n_steps_2,0.2,0.02,3.0,2,0.95,S2,mlp_offline_learn,9,220009,500,38.4,51,186,0,500,9254
n_steps_2,0.2,0.02,3.0,2,0.95,S3,mlp_learn,4,130004,500,41.4,0,194,1,321,5746
n_steps_2,0.2,0.02,3.0,2,0.95,S3,mlp_offline_learn,0,230000,500,45.32,49,180,0,500,10981
n_steps_2,0.2,0.02,3.0,2,0.95,S3,mlp_offline_learn,2,230002,500,44.48,59,193,0,500,11271
n_steps_2,0.2,0.02,3.0,2,0.95,S3,mlp_offline_learn,1,230001,500,42.96,24,191,0,500,10966
n_steps_2,0.2,0.02,3.0,2,0.95,S4,rule_learn,0,40000,500,50.76,83,213,0,500,11898
n_steps_2,0.2,0.02,3.0,2,0.95,S3,mlp_offline_learn,3,230003,500,46.34,47,189,0,500,10964
n_steps_2,0.2,0.02,3.0,2,0.95,S4,rule_learn,1,40001,500,51.24,26,218,0,500,12731
n_steps_2,0.2,0.02,3.0,2,0.95,S4,rule_learn,3,40003,500,50.44,50,220,0,500,11862
n_steps_2,0.2,0.02,3.0,2,0.95,S4,rule_learn,2,40002,500,48.02,47,219,0,500,14462
n_steps_2,0.2,0.02,3.0,2,0.95,S3,mlp_offline_learn,4,230004,500,40.62,65,188,0,500,11104
n_steps_2,0.2,0.02,3.0,2,0.95,S4,rule_learn,4,40004,500,45.32,45,219,0,500,14188
n_steps_2,0.2,0.02,3.0,2,0.95,S4,rule_learn,5,40005,500,51.64,80,220,0,500,12475
n_steps_2,0.2,0.02,3.0,2,0.95,S4,rule_learn,6,40006,500,46.84,22,216,0,500,14370
n_steps_2,0.2,0.02,3.0,2,0.95,S4,rule_learn,7,40007,500,46.58,51,215,0,500,15443
n_steps_2,0.2,0.02,3.0,2,0.95,S4,rule_learn,8,40008,500,53.68,25,212,0,500,12896
n_steps_2,0.2,0.02,3.0,2,0.95,S4,rule_learn,9,40009,500,47.3,81,222,0,500,13355
n_steps_2,0.2,0.02,3.0,2,0.95,S4,mlp_learn,0,140000,500,100.1875,0,212,1,15,379
n_steps_2,0.2,0.02,3.0,2,0.95,S4,mlp_learn,2,140002,500,71.17391304347827,0,210,1,22,406
n_steps_2,0.2,0.02,3.0,2,0.95,S4,mlp_learn,3,140003,500,100.625,0,201,1,15,388
n_steps_2,0.2,0.02,3.0,2,0.95,S3,mlp_offline_learn,5,230005,500,44.26,51,202,0,500,11310
n_steps_2,0.2,0.02,3.0,2,0.95,S4,mlp_learn,6,140006,500,99.6875,0,205,1,15,387
n_steps_2,0.2,0.02,3.0,2,0.95,S3,mlp_offline_learn,6,230006,500,45.24,53,182,0,500,11139
n_steps_2,0.2,0.02,3.0,2,0.95,S4,mlp_learn,7,140007,500,113.2,0,216,1,14,373
n_steps_2,0.2,0.02,3.0,2,0.95,S4,mlp_learn,8,140008,500,110.53333333333333,0,217,1,14,376
n_steps_2,0.2,0.02,3.0,2,0.95,S3,mlp_offline_learn,7,230007,500,40.94,22,200,0,500,10995
n_steps_2,0.2,0.02,3.0,2,0.95,S3,mlp_offline_learn,8,230008,500,47.76,40,198,0,500,10741
n_steps_2,0.2,0.02,3.0,2,0.95,S3,mlp_offline_learn,9,230009,500,42.92,49,186,0,500,11018
n_steps_2,0.2,0.02,3.0,2,0.95,S4,mlp_learn,1,140001,500,50.04,42,207,0,500,10443
n_steps_2,0.2,0.02,3.0,2,0.95,S4,mlp_learn,4,140004,500,54.56,60,210,0,500,9215
n_steps_2,0.2,0.02,3.0,2,0.95,S4,mlp_learn,5,140005,500,51.82,44,214,0,500,9308
n_steps_2,0.2,0.02,3.0,2,0.95,S4,mlp_learn,9,140009,500,53.66,28,203,0,500,10074
n_steps_2,0.2,0.02,3.0,2,0.95,S4,mlp_offline_learn,0,240000,500,49.96,36,214,0,500,12186
n_steps_2,0.2,0.02,3.0,2,0.95,S4,mlp_offline_learn,1,240001,500,53.08,46,208,0,500,12392
n_steps_2,0.2,0.02,3.0,2,0.95,S4,mlp_offline_learn,2,240002,500,51.42,42,213,0,500,12002
n_steps_8,0.2,0.02,3.0,8,0.95,S2,rule_learn,0,20000,500,33.12,52,204,0,500,10623
n_steps_8,0.2,0.02,3.0,8,0.95,S2,rule_learn,1,20001,500,35.92,33,199,0,500,11816
n_steps_8,0.2,0.02,3.0,8,0.95,S2,rule_learn,2,20002,500,32.7,34,205,0,500,12250
n_steps_8,0.2,0.02,3.0,8,0.95,S2,rule_learn,3,20003,500,32.76,44,199,0,500,12070
n_steps_8,0.2,0.02,3.0,8,0.95,S2,rule_learn,4,20004,500,37.3,32,207,0,500,10390
n_steps_8,0.2,0.02,3.0,8,0.95,S2,rule_learn,5,20005,500,37.06,33,213,0,500,12796
n_steps_8,0.2,0.02,3.0,8,0.95,S2,rule_learn,6,20006,500,34.3,56,199,0,500,12131
n_steps_2,0.2,0.02,3.0,2,0.95,S4,mlp_offline_learn,3,240003,500,51.0,25,213,0,500,12171
n_steps_8,0.2,0.02,3.0,8,0.95,S2,rule_learn,7,20007,500,38.88,35,210,0,500,10870
n_steps_8,0.2,0.02,3.0,8,0.95,S2,rule_learn,8,20008,500,33.88,37,210,0,500,12624
n_steps_8,0.2,0.02,3.0,8,0.95,S2,rule_learn,9,20009,500,37.78,17,203,0,500,10742
n_steps_8,0.2,0.02,3.0,8,0.95,S2,mlp_learn,1,120001,500,60.77272727272727,0,189,1,21,355
n_steps_8,0.2,0.02,3.0,8,0.95,S2,mlp_learn,0,120000,500,74.72222222222223,0,191,1,17,345
n_steps_8,0.2,0.02,3.0,8,0.95,S2,mlp_learn,2,120002,500,98.92307692307692,0,182,1,12,354
n_steps_8,0.2,0.02,3.0,8,0.95,S2,mlp_learn,4,120004,500,79.82352941176471,0,176,1,16,428
n_steps_2,0.2,0.02,3.0,2,0.95,S4,mlp_offline_learn,4,240004,500,51.14,53,211,0,500,12078
n_steps_8,0.2,0.02,3.0,8,0.95,S2,mlp_learn,5,120005,500,102.92307692307692,0,189,1,12,371
n_steps_8,0.2,0.02,3.0,8,0.95,S2,mlp_learn,3,120003,500,32.18,0,194,1,98,1576
n_steps_8,0.2,0.02,3.0,8,0.95,S2,mlp_learn,7,120007,500,71.33333333333333,0,184,1,17,371
n_steps_2,0.2,0.02,3.0,2,0.95,S4,mlp_offline_learn,5,240005,500,50.42,20,208,0,500,12125
n_steps_8,0.2,0.02,3.0,8,0.95,S2,mlp_learn,8,120008,500,85.2,0,190,1,14,350
n_steps_8,0.2,0.02,3.0,8,0.95,S2,mlp_offline_learn,1,220001,500,100.6923076923077,0,202,1,12,288
n_steps_8,0.2,0.02,3.0,8,0.95,S2,mlp_learn,9,120009,500,31.52,0,183,1,57,817
n_steps_2,0.2,0.02,3.0,2,0.95,S4,mlp_offline_learn,6,240006,500,51.74,74,210,0,500,12187
n_steps_8,0.2,0.02,3.0,8,0.95,S2,mlp_offline_learn,2,220002,500,57.41025641025641,0,187,1,38,725
n_steps_8,0.2,0.02,3.0,8,0.95,S2,mlp_offline_learn,3,220003,500,53.19512195121951,0,189,1,40,697
n_steps_2,0.2,0.02,3.0,2,0.95,S4,mlp_offline_learn,7,240007,500,52.42,47,202,0,500,12406
n_steps_2,0.2,0.02,3.0,2,0.95,S4,mlp_offline_learn,8,240008,500,49.26,72,210,0,500,12418
n_steps_2,0.2,0.02,3.0,2,0.95,S4,mlp_offline_learn,9,240009,500,50.2,39,200,0,500,12242
n_steps_8,0.2,0.02,3.0,8,0.95,S2,mlp_learn,6,120006,500,32.5,88,198,0,500,6894
n_steps_8,0.2,0.02,3.0,8,0.95,S3,rule_learn,0,30000,500,43.08,73,209,0,500,11987
n_steps_8,0.2,0.02,3.0,8,0.95,S3,rule_learn,1,30001,500,41.42,54,212,0,500,14511
n_steps_8,0.2,0.02,3.0,8,0.95,S3,rule_learn,2,30002,500,37.86,48,214,0,500,11881
n_steps_8,0.2,0.02,3.0,8,0.95,S3,rule_learn,3,30003,500,44.08,26,203,0,500,11959
n_steps_8,0.2,0.02,3.0,8,0.95,S3,rule_learn,4,30004,500,46.38,36,214,0,500,10106
n_steps_8,0.2,0.02,3.0,8,0.95,S3,rule_learn,5,30005,500,38.82,24,206,0,500,13181
n_steps_8,0.2,0.02,3.0,8,0.95,S3,rule_learn,6,30006,500,40.52,48,197,0,500,13392
n_steps_8,0.2,0.02,3.0,8,0.95,S3,rule_learn,7,30007,500,42.38,15,206,0,500,10327
n_steps_8,0.2,0.02,3.0,8,0.95,S3,rule_learn,8,30008,500,39.8,19,217,0,500,12709
n_steps_8,0.2,0.02,3.0,8,0.95,S3,rule_learn,9,30009,500,42.32,94,219,0,500,11519
n_steps_8,0.2,0.02,3.0,8,0.95,S3,mlp_learn,0,130000,500,73.42105263157895,0,200,1,18,384
n_steps_8,0.2,0.02,3.0,8,0.95,S2,mlp_offline_learn,0,220000,500,36.92,20,197,0,500,9554
n_steps_8,0.2,0.02,3.0,8,0.95,S3,mlp_learn,2,130002,500,91.5625,0,198,1,15,402
n_steps_8,0.2,0.02,3.0,8,0.95,S2,mlp_offline_learn,4,220004,500,36.9,30,195,0,500,9616
n_steps_8,0.2,0.02,3.0,8,0.95,S3,mlp_learn,3,130003,500,77.47368421052632,0,209,1,18,375
n_steps_8,0.2,0.02,3.0,8,0.95,S2,mlp_offline_learn,5,220005,500,36.56,64,192,0,500,9197
n_steps_8,0.2,0.02,3.0,8,0.95,S3,mlp_learn,5,130005,500,78.0,0,207,1,18,393
n_steps_8,0.2,0.02,3.0,8,0.95,S2,mlp_offline_learn,6,220006,500,37.86,42,199,0,500,9177
n_steps_8,0.2,0.02,3.0,8,0.95,S3,mlp_learn,6,130006,500,87.375,0,205,1,15,347
n_steps_8,0.2,0.02,3.0,8,0.95,S3,mlp_learn,7,130007,500,100.14285714285714,0,193,1,13,375
n_steps_8,0.2,0.02,3.0,8,0.95,S3,mlp_learn,8,130008,500,68.9,0,195,1,19,365
n_steps_8,0.2,0.02,3.0,8,0.95,S3,mlp_learn,9,130009,500,96.13333333333334,0,200,1,14,377
n_steps_8,0.2,0.02,3.0,8,0.95,S3,mlp_learn,1,130001,500,52.72,0,214,1,160,2083
n_steps_8,0.2,0.02,3.0,8,0.95,S2,mlp_offline_learn,7,220007,500,38.54,48,202,0,500,9205
n_steps_8,0.2,0.02,3.0,8,0.95,S2,mlp_offline_learn,8,220008,500,37.98,29,198,0,500,9500
n_steps_8,0.2,0.02,3.0,8,0.95,S2,mlp_offline_learn,9,220009,500,37.96,34,188,0,500,9380
n_steps_8,0.2,0.02,3.0,8,0.95,S3,mlp_learn,4,130004,500,43.96,31,194,0,500,8879
n_steps_8,0.2,0.02,3.0,8,0.95,S3,mlp_offline_learn,2,230002,500,42.58,0,193,1,396,8576
n_steps_8,0.2,0.02,3.0,8,0.95,S3,mlp_offline_learn,1,230001,500,43.98,40,185,0,500,11040
n_steps_8,0.2,0.02,3.0,8,0.95,S3,mlp_offline_learn,0,230000,500,45.08,66,180,0,500,11031
n_steps_8,0.2,0.02,3.0,8,0.95,S4,rule_learn,0,40000,500,50.76,83,213,0,500,11898
n_steps_8,0.2,0.02,3.0,8,0.95,S4,rule_learn,1,40001,500,51.24,26,218,0,500,12731
n_steps_8,0.2,0.02,3.0,8,0.95,S4,rule_learn,2,40002,500,48.02,47,219,0,500,14462
n_steps_8,0.2,0.02,3.0,8,0.95,S4,rule_learn,3,40003,500,50.44,50,220,0,500,11862
n_steps_8,0.2,0.02,3.0,8,0.95,S4,rule_learn,4,40004,500,45.32,45,219,0,500,14188
n_steps_8,0.2,0.02,3.0,8,0.95,S3,mlp_offline_learn,3,230003,500,43.92,39,189,0,500,11230
n_steps_8,0.2,0.02,3.0,8,0.95,S4,rule_learn,5,40005,500,51.64,80,220,0,500,12475
n_steps_8,0.2,0.02,3.0,8,0.95,S4,rule_learn,6,40006,500,46.84,22,216,0,500,14370
n_steps_8,0.2,0.02,3.0,8,0.95,S4,rule_learn,7,40007,500,46.58,51,215,0,500,15443
n_steps_8,0.2,0.02,3.0,8,0.95,S4,rule_learn,8,40008,500,53.68,25,212,0,500,12896
n_steps_8,0.2,0.02,3.0,8,0.95,S4,rule_learn,9,40009,500,47.3,81,222,0,500,13355
n_steps_8,0.2,0.02,3.0,8,0.95,S3,mlp_offline_learn,4,230004,500,45.64,14,189,0,500,10984
n_steps_8,0.2,0.02,3.0,8,0.95,S4,mlp_learn,0,140000,500,100.1875,0,212,1,15,379
n_steps_8,0.2,0.02,3.0,8,0.95,S4,mlp_learn,1,140001,500,67.30434782608695,0,207,1,22,387
n_steps_8,0.2,0.02,3.0,8,0.95,S3,mlp_offline_learn,5,230005,500,45.36,88,202,0,500,11331
n_steps_8,0.2,0.02,3.0,8,0.95,S3,mlp_offline_learn,6,230006,500,46.96,51,182,0,500,11112
n_steps_8,0.2,0.02,3.0,8,0.95,S4,mlp_learn,2,140002,500,71.17391304347827,0,210,1,22,406
n_steps_8,0.2,0.02,3.0,8,0.95,S4,mlp_learn,3,140003,500,108.2,0,201,1,14,397
n_steps_8,0.2,0.02,3.0,8,0.95,S4,mlp_learn,6,140006,500,99.6875,0,205,1,15,387
n_steps_8,0.2,0.02,3.0,8,0.95,S4,mlp_learn,7,140007,500,113.2,0,216,1,14,373
n_steps_8,0.2,0.02,3.0,8,0.95,S4,mlp_learn,8,140008,500,88.0,0,217,1,18,374
n_steps_8,0.2,0.02,3.0,8,0.95,S3,mlp_offline_learn,7,230007,500,46.58,4,200,0,500,11023
n_steps_8,0.2,0.02,3.0,8,0.95,S3,mlp_offline_learn,8,230008,500,44.8,7,198,0,500,11181
n_steps_8,0.2,0.02,3.0,8,0.95,S3,mlp_offline_learn,9,230009,500,43.2,48,186,0,500,10947
n_steps_8,0.2,0.02,3.0,8,0.95,S4,mlp_learn,4,140004,500,50.34,80,210,0,500,8163
n_steps_8,0.2,0.02,3.0,8,0.95,S4,mlp_learn,5,140005,500,50.06,29,214,0,500,9333
n_steps_8,0.2,0.02,3.0,8,0.95,S4,mlp_learn,9,140009,500,46.6,85,203,0,500,9799
n_steps_8,0.2,0.02,3.0,8,0.95,S4,mlp_offline_learn,0,240000,500,50.56,72,214,0,500,12378
n_steps_8,0.2,0.02,3.0,8,0.95,S4,mlp_offline_learn,1,240001,500,49.42,40,208,0,500,12380
n_steps_8,0.2,0.02,3.0,8,0.95,S4,mlp_offline_learn,3,240003,500,49.96,58,213,0,500,12523
n_steps_8,0.2,0.02,3.0,8,0.95,S4,mlp_offline_learn,2,240002,500,49.8,16,213,0,500,12340
gamma_0.80,0.2,0.02,3.0,4,0.8,S2,rule_learn,0,20000,500,33.12,52,204,0,500,10623
gamma_0.80,0.2,0.02,3.0,4,0.8,S2,rule_learn,1,20001,500,35.92,33,199,0,500,11816
gamma_0.80,0.2,0.02,3.0,4,0.8,S2,rule_learn,2,20002,500,32.7,34,205,0,500,12250
gamma_0.80,0.2,0.02,3.0,4,0.8,S2,rule_learn,3,20003,500,32.76,44,199,0,500,12070
gamma_0.80,0.2,0.02,3.0,4,0.8,S2,rule_learn,4,20004,500,37.3,32,207,0,500,10390
gamma_0.80,0.2,0.02,3.0,4,0.8,S2,rule_learn,5,20005,500,37.06,33,213,0,500,12796
gamma_0.80,0.2,0.02,3.0,4,0.8,S2,rule_learn,6,20006,500,34.3,56,199,0,500,12131
gamma_0.80,0.2,0.02,3.0,4,0.8,S2,rule_learn,7,20007,500,38.88,35,210,0,500,10870
gamma_0.80,0.2,0.02,3.0,4,0.8,S2,rule_learn,8,20008,500,33.88,37,210,0,500,12624
gamma_0.80,0.2,0.02,3.0,4,0.8,S2,rule_learn,9,20009,500,37.78,17,203,0,500,10742
gamma_0.80,0.2,0.02,3.0,4,0.8,S2,mlp_learn,0,120000,500,74.72222222222223,0,191,1,17,345
gamma_0.80,0.2,0.02,3.0,4,0.8,S2,mlp_learn,1,120001,500,60.77272727272727,0,189,1,21,355
n_steps_8,0.2,0.02,3.0,8,0.95,S4,mlp_offline_learn,4,240004,500,52.24,46,211,0,500,12298
gamma_0.80,0.2,0.02,3.0,4,0.8,S2,mlp_learn,2,120002,500,98.92307692307692,0,182,1,12,354
gamma_0.80,0.2,0.02,3.0,4,0.8,S2,mlp_learn,3,120003,500,79.875,0,194,1,15,409
gamma_0.80,0.2,0.02,3.0,4,0.8,S2,mlp_learn,4,120004,500,79.82352941176471,0,176,1,16,428
gamma_0.80,0.2,0.02,3.0,4,0.8,S2,mlp_learn,5,120005,500,102.92307692307692,0,189,1,12,371
gamma_0.80,0.2,0.02,3.0,4,0.8,S2,mlp_learn,7,120007,500,67.52631578947368,0,184,1,18,375
gamma_0.80,0.2,0.02,3.0,4,0.8,S2,mlp_learn,8,120008,500,85.2,0,190,1,14,350
gamma_0.80,0.2,0.02,3.0,4,0.8,S2,mlp_learn,6,120006,500,27.96,0,198,1,146,2035
n_steps_8,0.2,0.02,3.0,8,0.95,S4,mlp_offline_learn,5,240005,500,48.18,44,207,0,500,12160
gamma_0.80,0.2,0.02,3.0,4,0.8,S2,mlp_offline_learn,1,220001,500,100.6923076923077,0,202,1,12,288
n_steps_8,0.2,0.02,3.0,8,0.95,S4,mlp_offline_learn,6,240006,500,49.46,94,210,0,500,12237
n_steps_8,0.2,0.02,3.0,8,0.95,S4,mlp_offline_learn,7,240007,500,50.86,56,204,0,500,12374
n_steps_8,0.2,0.02,3.0,8,0.95,S4,mlp_offline_learn,9,240009,500,50.1,50,203,0,500,12189
n_steps_8,0.2,0.02,3.0,8,0.95,S4,mlp_offline_learn,8,240008,500,51.08,59,215,0,500,12505
gamma_0.80,0.2,0.02,3.0,4,0.8,S2,mlp_offline_learn,7,220007,500,94.6923076923077,0,202,1,12,246
gamma_0.80,0.2,0.02,3.0,4,0.8,S2,mlp_offline_learn,5,220005,500,52.65909090909091,0,192,1,43,721
gamma_0.80,0.2,0.02,3.0,4,0.8,S2,mlp_learn,9,120009,500,41.02,0,183,1,338,4621
gamma_0.80,0.2,0.02,3.0,4,0.8,S3,rule_learn,0,30000,500,43.08,73,209,0,500,11987
gamma_0.80,0.2,0.02,3.0,4,0.8,S3,rule_learn,1,30001,500,41.42,54,212,0,500,14511
gamma_0.80,0.2,0.02,3.0,4,0.8,S3,rule_learn,2,30002,500,37.86,48,214,0,500,11881
gamma_0.80,0.2,0.02,3.0,4,0.8,S3,rule_learn,3,30003,500,44.08,26,203,0,500,11959
gamma_0.80,0.2,0.02,3.0,4,0.8,S3,rule_learn,4,30004,500,46.38,36,214,0,500,10106
gamma_0.80,0.2,0.02,3.0,4,0.8,S3,rule_learn,5,30005,500,38.82,24,206,0,500,13181
gamma_0.80,0.2,0.02,3.0,4,0.8,S3,rule_learn,6,30006,500,40.52,48,197,0,500,13392
gamma_0.80,0.2,0.02,3.0,4,0.8,S3,rule_learn,7,30007,500,42.38,15,206,0,500,10327
gamma_0.80,0.2,0.02,3.0,4,0.8,S3,rule_learn,8,30008,500,39.8,19,217,0,500,12709
gamma_0.80,0.2,0.02,3.0,4,0.8,S3,rule_learn,9,30009,500,42.32,94,219,0,500,11519
gamma_0.80,0.2,0.02,3.0,4,0.8,S3,mlp_learn,0,130000,500,73.42105263157895,0,200,1,18,384
gamma_0.80,0.2,0.02,3.0,4,0.8,S2,mlp_offline_learn,3,220003,500,33.1,0,189,1,340,6267
gamma_0.80,0.2,0.02,3.0,4,0.8,S3,mlp_learn,2,130002,500,91.5625,0,198,1,15,402
gamma_0.80,0.2,0.02,3.0,4,0.8,S2,mlp_offline_learn,0,220000,500,38.76,28,197,0,500,9462
gamma_0.80,0.2,0.02,3.0,4,0.8,S3,mlp_learn,3,130003,500,77.47368421052632,0,209,1,18,375
gamma_0.80,0.2,0.02,3.0,4,0.8,S3,mlp_learn,5,130005,500,78.0,0,207,1,18,393
gamma_0.80,0.2,0.02,3.0,4,0.8,S2,mlp_offline_learn,2,220002,500,35.14,6,187,0,500,9156
gamma_0.80,0.2,0.02,3.0,4,0.8,S3,mlp_learn,1,130001,500,46.76,0,214,1,142,2107
gamma_0.80,0.2,0.02,3.0,4,0.8,S3,mlp_learn,6,130006,500,87.375,0,205,1,15,347
gamma_0.80,0.2,0.02,3.0,4,0.8,S3,mlp_learn,7,130007,500,100.14285714285714,0,193,1,13,375
gamma_0.80,0.2,0.02,3.0,4,0.8,S3,mlp_learn,8,130008,500,68.9,0,195,1,19,365
gamma_0.80,0.2,0.02,3.0,4,0.8,S3,mlp_learn,9,130009,500,72.75,0,202,1,19,367
gamma_0.80,0.2,0.02,3.0,4,0.8,S2,mlp_offline_learn,4,220004,500,43.7,25,195,0,500,9349
gamma_0.80,0.2,0.02,3.0,4,0.8,S2,mlp_offline_learn,8,220008,500,33.62,0,198,1,437,8354
gamma_0.80,0.2,0.02,3.0,4,0.8,S2,mlp_offline_learn,6,220006,500,37.14,52,199,0,500,9366
gamma_0.80,0.2,0.02,3.0,4,0.8,S3,mlp_learn,4,130004,500,42.48,0,194,1,183,3209
gamma_0.80,0.2,0.02,3.0,4,0.8,S2,mlp_offline_learn,9,220009,500,36.5,37,188,0,500,9569
gamma_0.80,0.2,0.02,3.0,4,0.8,S3,mlp_offline_learn,1,230001,500,45.44,20,185,0,500,11051
gamma_0.80,0.2,0.02,3.0,4,0.8,S3,mlp_offline_learn,0,230000,500,43.54,58,180,0,500,11284
gamma_0.80,0.2,0.02,3.0,4,0.8,S3,mlp_offline_learn,2,230002,500,42.32,42,193,0,500,11310
gamma_0.80,0.2,0.02,3.0,4,0.8,S3,mlp_offline_learn,3,230003,500,44.72,52,189,0,500,11420
gamma_0.80,0.2,0.02,3.0,4,0.8,S4,rule_learn,0,40000,500,50.76,83,213,0,500,11898
gamma_0.80,0.2,0.02,3.0,4,0.8,S4,rule_learn,1,40001,500,51.24,26,218,0,500,12731
gamma_0.80,0.2,0.02,3.0,4,0.8,S4,rule_learn,2,40002,500,48.02,47,219,0,500,14462
gamma_0.80,0.2,0.02,3.0,4,0.8,S3,mlp_offline_learn,4,230004,500,43.66,60,189,0,500,11462
gamma_0.80,0.2,0.02,3.0,4,0.8,S4,rule_learn,3,40003,500,50.44,50,220,0,500,11862
gamma_0.80,0.2,0.02,3.0,4,0.8,S4,rule_learn,4,40004,500,45.32,45,219,0,500,14188
gamma_0.80,0.2,0.02,3.0,4,0.8,S4,rule_learn,5,40005,500,51.64,80,220,0,500,12475
gamma_0.80,0.2,0.02,3.0,4,0.8,S4,rule_learn,6,40006,500,46.84,22,216,0,500,14370
gamma_0.80,0.2,0.02,3.0,4,0.8,S4,rule_learn,7,40007,500,46.58,51,215,0,500,15443
gamma_0.80,0.2,0.02,3.0,4,0.8,S4,rule_learn,8,40008,500,53.68,25,212,0,500,12896
gamma_0.80,0.2,0.02,3.0,4,0.8,S4,rule_learn,9,40009,500,47.3,81,222,0,500,13355
gamma_0.80,0.2,0.02,3.0,4,0.8,S3,mlp_offline_learn,5,230005,500,42.56,77,202,0,500,11092
gamma_0.80,0.2,0.02,3.0,4,0.8,S4,mlp_learn,0,140000,500,100.1875,0,212,1,15,379
gamma_0.80,0.2,0.02,3.0,4,0.8,S4,mlp_learn,3,140003,500,100.625,0,201,1,15,388
gamma_0.80,0.2,0.02,3.0,4,0.8,S3,mlp_offline_learn,6,230006,500,41.58,68,182,0,500,11107
gamma_0.80,0.2,0.02,3.0,4,0.8,S3,mlp_offline_learn,7,230007,500,44.18,64,200,0,500,10817
gamma_0.80,0.2,0.02,3.0,4,0.8,S4,mlp_learn,6,140006,500,99.6875,0,205,1,15,387
gamma_0.80,0.2,0.02,3.0,4,0.8,S4,mlp_learn,7,140007,500,113.2,0,216,1,14,373
gamma_0.80,0.2,0.02,3.0,4,0.8,S4,mlp_learn,8,140008,500,110.53333333333333,0,217,1,14,376
gamma_0.80,0.2,0.02,3.0,4,0.8,S3,mlp_offline_learn,8,230008,500,45.56,48,198,0,500,11054
gamma_0.80,0.2,0.02,3.0,4,0.8,S3,mlp_offline_learn,9,230009,500,44.24,19,186,0,500,11032
gamma_0.80,0.2,0.02,3.0,4,0.8,S4,mlp_learn,1,140001,500,47.42,54,207,0,500,10633
gamma_0.80,0.2,0.02,3.0,4,0.8,S4,mlp_learn,2,140002,500,46.02,49,210,0,500,8122
gamma_0.80,0.2,0.02,3.0,4,0.8,S4,mlp_learn,4,140004,500,50.86,55,210,0,500,9485
gamma_0.80,0.2,0.02,3.0,4,0.8,S4,mlp_learn,5,140005,500,61.9,48,214,0,500,9072
gamma_0.80,0.2,0.02,3.0,4,0.8,S4,mlp_learn,9,140009,500,52.08,62,203,0,500,9538
gamma_0.80,0.2,0.02,3.0,4,0.8,S4,mlp_offline_learn,0,240000,500,51.56,52,214,0,500,12443
gamma_0.80,0.2,0.02,3.0,4,0.8,S4,mlp_offline_learn,1,240001,500,50.8,24,208,0,500,12316
gamma_0.80,0.2,0.02,3.0,4,0.8,S4,mlp_offline_learn,2,240002,500,50.76,64,213,0,500,12390
gamma_0.99,0.2,0.02,3.0,4,0.99,S2,rule_learn,0,20000,500,33.12,52,204,0,500,10623
gamma_0.99,0.2,0.02,3.0,4,0.99,S2,rule_learn,1,20001,500,35.92,33,199,0,500,11816
gamma_0.99,0.2,0.02,3.0,4,0.99,S2,rule_learn,2,20002,500,32.7,34,205,0,500,12250
gamma_0.99,0.2,0.02,3.0,4,0.99,S2,rule_learn,3,20003,500,32.76,44,199,0,500,12070
gamma_0.99,0.2,0.02,3.0,4,0.99,S2,rule_learn,4,20004,500,37.3,32,207,0,500,10390
gamma_0.99,0.2,0.02,3.0,4,0.99,S2,rule_learn,5,20005,500,37.06,33,213,0,500,12796
gamma_0.99,0.2,0.02,3.0,4,0.99,S2,rule_learn,6,20006,500,34.3,56,199,0,500,12131
gamma_0.99,0.2,0.02,3.0,4,0.99,S2,rule_learn,7,20007,500,38.88,35,210,0,500,10870
gamma_0.99,0.2,0.02,3.0,4,0.99,S2,rule_learn,8,20008,500,33.88,37,210,0,500,12624
gamma_0.99,0.2,0.02,3.0,4,0.99,S2,rule_learn,9,20009,500,37.78,17,203,0,500,10742
gamma_0.99,0.2,0.02,3.0,4,0.99,S2,mlp_learn,0,120000,500,74.72222222222223,0,191,1,17,345
gamma_0.99,0.2,0.02,3.0,4,0.99,S2,mlp_learn,1,120001,500,60.77272727272727,0,189,1,21,355
gamma_0.80,0.2,0.02,3.0,4,0.8,S4,mlp_offline_learn,3,240003,500,50.46,22,213,0,500,12324
gamma_0.99,0.2,0.02,3.0,4,0.99,S2,mlp_learn,2,120002,500,98.92307692307692,0,182,1,12,354
gamma_0.80,0.2,0.02,3.0,4,0.8,S4,mlp_offline_learn,4,240004,500,50.24,52,211,0,500,12471
gamma_0.99,0.2,0.02,3.0,4,0.99,S2,mlp_learn,3,120003,500,79.875,0,194,1,15,409
gamma_0.80,0.2,0.02,3.0,4,0.8,S4,mlp_offline_learn,5,240005,500,49.18,29,207,0,500,12349
gamma_0.99,0.2,0.02,3.0,4,0.99,S2,mlp_learn,4,120004,500,79.82352941176471,0,176,1,16,428
gamma_0.80,0.2,0.02,3.0,4,0.8,S4,mlp_offline_learn,6,240006,500,50.48,59,210,0,500,12568
gamma_0.99,0.2,0.02,3.0,4,0.99,S2,mlp_learn,5,120005,500,102.92307692307692,0,189,1,12,371
gamma_0.99,0.2,0.02,3.0,4,0.99,S2,mlp_learn,7,120007,500,67.52631578947368,0,184,1,18,375
gamma_0.99,0.2,0.02,3.0,4,0.99,S2,mlp_learn,8,120008,500,85.2,0,190,1,14,350
gamma_0.99,0.2,0.02,3.0,4,0.99,S2,mlp_offline_learn,1,220001,500,100.6923076923077,0,202,1,12,288
gamma_0.80,0.2,0.02,3.0,4,0.8,S4,mlp_offline_learn,7,240007,500,50.3,54,202,0,500,12337
gamma_0.80,0.2,0.02,3.0,4,0.8,S4,mlp_offline_learn,8,240008,500,49.72,39,215,0,500,12609
gamma_0.99,0.2,0.02,3.0,4,0.99,S2,mlp_learn,6,120006,500,29.34,0,198,1,198,2807
gamma_0.99,0.2,0.02,3.0,4,0.99,S2,mlp_offline_learn,3,220003,500,34.94,0,189,1,93,1460
gamma_0.99,0.2,0.02,3.0,4,0.99,S2,mlp_offline_learn,7,220007,500,94.6923076923077,0,202,1,12,246
gamma_0.99,0.2,0.02,3.0,4,0.99,S2,mlp_learn,9,120009,500,33.2,0,183,1,338,4727
gamma_0.80,0.2,0.02,3.0,4,0.8,S4,mlp_offline_learn,9,240009,500,50.84,86,203,0,500,12598
gamma_0.99,0.2,0.02,3.0,4,0.99,S3,rule_learn,0,30000,500,43.08,73,209,0,500,11987
gamma_0.99,0.2,0.02,3.0,4,0.99,S3,rule_learn,1,30001,500,41.42,54,212,0,500,14511
gamma_0.99,0.2,0.02,3.0,4,0.99,S3,rule_learn,2,30002,500,37.86,48,214,0,500,11881
gamma_0.99,0.2,0.02,3.0,4,0.99,S3,rule_learn,3,30003,500,44.08,26,203,0,500,11959
gamma_0.99,0.2,0.02,3.0,4,0.99,S3,rule_learn,4,30004,500,46.38,36,214,0,500,10106
gamma_0.99,0.2,0.02,3.0,4,0.99,S3,rule_learn,5,30005,500,38.82,24,206,0,500,13181
gamma_0.99,0.2,0.02,3.0,4,0.99,S3,rule_learn,6,30006,500,40.52,48,197,0,500,13392
gamma_0.99,0.2,0.02,3.0,4,0.99,S3,rule_learn,7,30007,500,42.38,15,206,0,500,10327
gamma_0.99,0.2,0.02,3.0,4,0.99,S3,rule_learn,8,30008,500,39.8,19,217,0,500,12709
gamma_0.99,0.2,0.02,3.0,4,0.99,S3,rule_learn,9,30009,500,42.32,94,219,0,500,11519
gamma_0.99,0.2,0.02,3.0,4,0.99,S2,mlp_offline_learn,0,220000,500,36.34,32,197,0,500,9382
gamma_0.99,0.2,0.02,3.0,4,0.99,S3,mlp_learn,0,130000,500,73.42105263157895,0,200,1,18,384
gamma_0.99,0.2,0.02,3.0,4,0.99,S2,mlp_offline_learn,2,220002,500,38.74,53,187,0,500,9338
gamma_0.99,0.2,0.02,3.0,4,0.99,S3,mlp_learn,2,130002,500,91.5625,0,198,1,15,402
gamma_0.99,0.2,0.02,3.0,4,0.99,S2,mlp_offline_learn,4,220004,500,40.38,64,195,0,500,9076
gamma_0.99,0.2,0.02,3.0,4,0.99,S3,mlp_learn,3,130003,500,77.47368421052632,0,209,1,18,375
gamma_0.99,0.2,0.02,3.0,4,0.99,S2,mlp_offline_learn,5,220005,500,38.88,51,192,0,500,9473
gamma_0.99,0.2,0.02,3.0,4,0.99,S3,mlp_learn,5,130005,500,78.0,0,207,1,18,393
gamma_0.99,0.2,0.02,3.0,4,0.99,S3,mlp_learn,6,130006,500,87.375,0,205,1,15,347
gamma_0.99,0.2,0.02,3.0,4,0.99,S3,mlp_learn,7,130007,500,100.14285714285714,0,193,1,13,375
gamma_0.99,0.2,0.02,3.0,4,0.99,S3,mlp_learn,1,130001,500,38.52,0,214,1,100,1249
gamma_0.99,0.2,0.02,3.0,4,0.99,S3,mlp_learn,8,130008,500,68.9,0,195,1,19,365
gamma_0.99,0.2,0.02,3.0,4,0.99,S3,mlp_learn,9,130009,500,72.75,0,202,1,19,367
gamma_0.99,0.2,0.02,3.0,4,0.99,S2,mlp_offline_learn,6,220006,500,42.52,20,199,0,500,9215
gamma_0.99,0.2,0.02,3.0,4,0.99,S2,mlp_offline_learn,8,220008,500,36.72,45,198,0,500,9338
gamma_0.99,0.2,0.02,3.0,4,0.99,S2,mlp_offline_learn,9,220009,500,37.5,22,188,0,500,9164
gamma_0.99,0.2,0.02,3.0,4,0.99,S3,mlp_learn,4,130004,500,42.54,28,194,0,500,9120
gamma_0.99,0.2,0.02,3.0,4,0.99,S3,mlp_offline_learn,0,230000,500,45.78,29,180,0,500,11179
gamma_0.99,0.2,0.02,3.0,4,0.99,S3,mlp_offline_learn,1,230001,500,43.94,31,185,0,500,11113
gamma_0.99,0.2,0.02,3.0,4,0.99,S3,mlp_offline_learn,2,230002,500,44.16,61,193,0,500,11248
gamma_0.99,0.2,0.02,3.0,4,0.99,S4,rule_learn,0,40000,500,50.76,83,213,0,500,11898
gamma_0.99,0.2,0.02,3.0,4,0.99,S4,rule_learn,1,40001,500,51.24,26,218,0,500,12731
gamma_0.99,0.2,0.02,3.0,4,0.99,S3,mlp_offline_learn,3,230003,500,44.06,16,189,0,500,11134
gamma_0.99,0.2,0.02,3.0,4,0.99,S4,rule_learn,2,40002,500,48.02,47,219,0,500,14462
gamma_0.99,0.2,0.02,3.0,4,0.99,S4,rule_learn,3,40003,500,50.44,50,220,0,500,11862
gamma_0.99,0.2,0.02,3.0,4,0.99,S4,rule_learn,4,40004,500,45.32,45,219,0,500,14188
gamma_0.99,0.2,0.02,3.0,4,0.99,S4,rule_learn,5,40005,500,51.64,80,220,0,500,12475
gamma_0.99,0.2,0.02,3.0,4,0.99,S4,rule_learn,6,40006,500,46.84,22,216,0,500,14370
gamma_0.99,0.2,0.02,3.0,4,0.99,S3,mlp_offline_learn,4,230004,500,45.46,43,189,0,500,10924
gamma_0.99,0.2,0.02,3.0,4,0.99,S4,rule_learn,7,40007,500,46.58,51,215,0,500,15443
gamma_0.99,0.2,0.02,3.0,4,0.99,S4,rule_learn,8,40008,500,53.68,25,212,0,500,12896
gamma_0.99,0.2,0.02,3.0,4,0.99,S4,rule_learn,9,40009,500,47.3,81,222,0,500,13355
gamma_0.99,0.2,0.02,3.0,4,0.99,S3,mlp_offline_learn,5,230005,500,44.76,33,202,0,500,10755
gamma_0.99,0.2,0.02,3.0,4,0.99,S4,mlp_learn,0,140000,500,100.1875,0,212,1,15,379
gamma_0.99,0.2,0.02,3.0,4,0.99,S4,mlp_learn,3,140003,500,100.625,0,201,1,15,388
gamma_0.99,0.2,0.02,3.0,4,0.99,S3,mlp_offline_learn,6,230006,500,43.96,30,182,0,500,11420
gamma_0.99,0.2,0.02,3.0,4,0.99,S4,mlp_learn,6,140006,500,99.6875,0,205,1,15,387
gamma_0.99,0.2,0.02,3.0,4,0.99,S4,mlp_learn,7,140007,500,113.2,0,216,1,14,373
gamma_0.99,0.2,0.02,3.0,4,0.99,S4,mlp_learn,8,140008,500,110.53333333333333,0,217,1,14,376
gamma_0.99,0.2,0.02,3.0,4,0.99,S4,mlp_learn,5,140005,500,54.48,0,214,1,223,3969
gamma_0.99,0.2,0.02,3.0,4,0.99,S3,mlp_offline_learn,7,230007,500,44.14,27,200,0,500,11246
gamma_0.99,0.2,0.02,3.0,4,0.99,S3,mlp_offline_learn,8,230008,500,42.56,62,198,0,500,11023
gamma_0.99,0.2,0.02,3.0,4,0.99,S3,mlp_offline_learn,9,230009,500,44.7,31,186,0,500,11085
gamma_0.99,0.2,0.02,3.0,4,0.99,S4,mlp_learn,1,140001,500,44.06,42,207,0,500,10326
gamma_0.99,0.2,0.02,3.0,4,0.99,S4,mlp_learn,2,140002,500,54.2,12,210,0,500,7565
gamma_0.99,0.2,0.02,3.0,4,0.99,S4,mlp_learn,4,140004,500,48.74,32,210,0,500,9591
gamma_0.99,0.2,0.02,3.0,4,0.99,S4,mlp_learn,9,140009,500,48.62,48,203,0,500,9431
gamma_0.99,0.2,0.02,3.0,4,0.99,S4,mlp_offline_learn,0,240000,500,48.96,35,214,0,500,12212
gamma_0.99,0.2,0.02,3.0,4,0.99,S4,mlp_offline_learn,1,240001,500,50.8,53,208,0,500,12562
gamma_0.99,0.2,0.02,3.0,4,0.99,S4,mlp_offline_learn,2,240002,500,50.22,59,213,0,500,12307
gamma_0.99,0.2,0.02,3.0,4,0.99,S4,mlp_offline_learn,3,240003,500,51.94,62,213,0,500,12275
gamma_0.99,0.2,0.02,3.0,4,0.99,S4,mlp_offline_learn,4,240004,500,50.92,50,211,0,500,12275
gamma_0.99,0.2,0.02,3.0,4,0.99,S4,mlp_offline_learn,5,240005,500,48.3,36,207,0,500,12436
gamma_0.99,0.2,0.02,3.0,4,0.99,S4,mlp_offline_learn,6,240006,500,51.2,34,210,0,500,12050
gamma_0.99,0.2,0.02,3.0,4,0.99,S4,mlp_offline_learn,7,240007,500,47.34,45,202,0,500,11994
gamma_0.99,0.2,0.02,3.0,4,0.99,S4,mlp_offline_learn,9,240009,500,50.96,63,203,0,500,12110
gamma_0.99,0.2,0.02,3.0,4,0.99,S4,mlp_offline_learn,8,240008,500,51.84,53,215,0,500,12276
