scenario,alpha,beta,n_episodes,n_extinctions,extinction_rate,wilson_low,wilson_high,avg_final_population,std_final_population,avg_final_population_survivors
S2,0.0,0.0,300,300,1.0,0.9873565700022643,0.9999999999999999,0.0,0.0,nan
S2,0.0,0.25,300,300,1.0,0.9873565700022643,0.9999999999999999,0.0,0.0,nan
S2,0.0,0.5,300,300,1.0,0.9873565700022643,0.9999999999999999,0.0,0.0,nan
S2,0.0,0.75,300,300,1.0,0.9873565700022643,0.9999999999999999,0.0,0.0,nan
S2,0.0,1.0,300,300,1.0,0.9873565700022643,0.9999999999999999,0.0,0.0,nan
S2,0.5,0.0,300,0,0.0,0.0,0.012643429997735661,21.683333333333334,2.550438788837635,21.683333333333334
S2,0.5,0.25,300,12,0.04,0.02302709213793877,0.06860486345997804,32.69,13.268537231645338,34.052083333333336
S2,0.5,0.5,300,212,0.7066666666666667,0.6527928854718688,0.7553144967957339,10.733333333333333,18.7845259973568,36.59090909090909
S2,0.5,0.75,300,299,0.9966666666666667,0.9813628354450568,0.9994113574238592,0.16333333333333333,2.8290163190291664,49.0
S2,0.5,1.0,300,300,1.0,0.9873565700022643,0.9999999999999999,0.0,0.0,nan
S2,1.0,0.0,300,0,0.0,0.0,0.012643429997735661,20.563333333333333,2.1882910259537667,20.563333333333333
S2,1.0,0.25,300,19,0.06333333333333334,0.04091655604878176,0.09679203948257407,31.56,14.545502356260736,33.693950177935946
S2,1.0,0.5,300,249,0.83,0.7833848085580865,0.8682705276434078,5.7,13.97190204742155,33.529411764705884
S2,1.0,0.75,300,300,1.0,0.9873565700022643,0.9999999999999999,0.0,0.0,nan
S2,1.0,1.0,300,300,1.0,0.9873565700022643,0.9999999999999999,0.0,0.0,nan
S2,1.5,0.0,300,0,0.0,0.0,0.012643429997735661,20.843333333333334,2.291205132403337,20.843333333333334
S2,1.5,0.25,300,31,0.10333333333333333,0.07375612591943384,0.14294099521210313,30.583333333333332,16.35281128773469,34.10780669144982
S2,1.5,0.5,300,264,0.88,0.8383413318338598,0.9120496613678611,4.28,12.815970388151127,35.666666666666664
S2,1.5,0.75,300,300,1.0,0.9873565700022643,0.9999999999999999,0.0,0.0,nan
S2,1.5,1.0,300,300,1.0,0.9873565700022643,0.9999999999999999,0.0,0.0,nan
S2,2.0,0.0,300,0,0.0,0.0,0.012643429997735661,20.586666666666666,2.2343821893570364,20.586666666666666
S2,2.0,0.25,300,24,0.08,0.05434646978454494,0.11627401141355304,32.00333333333333,15.93664260377607,34.78623188405797
S2,2.0,0.5,300,260,0.8666666666666667,0.8235273610289742,0.9005341236393531,5.193333333333333,14.901323892012789,38.95
S2,2.0,0.75,300,300,1.0,0.9873565700022643,0.9999999999999999,0.0,0.0,nan
S2,2.0,1.0,300,300,1.0,0.9873565700022643,0.9999999999999999,0.0,0.0,nan
S3,0.0,0.0,300,300,1.0,0.9873565700022643,0.9999999999999999,0.0,0.0,nan
S3,0.0,0.25,300,300,1.0,0.9873565700022643,0.9999999999999999,0.0,0.0,nan
S3,0.0,0.5,300,300,1.0,0.9873565700022643,0.9999999999999999,0.0,0.0,nan
S3,0.0,0.75,300,300,1.0,0.9873565700022643,0.9999999999999999,0.0,0.0,nan
S3,0.0,1.0,300,300,1.0,0.9873565700022643,0.9999999999999999,0.0,0.0,nan
S3,0.5,0.0,300,0,0.0,0.0,0.012643429997735661,30.393333333333334,2.1820081164582903,30.393333333333334
S3,0.5,0.25,300,0,0.0,0.0,0.012643429997735661,40.916666666666664,12.91869567262223,40.916666666666664
S3,0.5,0.5,300,53,0.17666666666666667,0.13767606902581717,0.2238333490393852,36.20666666666666,22.902088136797506,43.97570850202429
S3,0.5,0.75,300,290,0.9666666666666667,0.9397375485424309,0.9817952501263492,1.3933333333333333,8.319615911724389,41.8
S3,0.5,1.0,300,300,1.0,0.9873565700022643,0.9999999999999999,0.0,0.0,nan
S3,1.0,0.0,300,0,0.0,0.0,0.012643429997735661,29.423333333333332,2.23774004087248,29.423333333333332
S3,1.0,0.25,300,0,0.0,0.0,0.012643429997735661,40.36666666666667,12.255046966156346,40.36666666666667
S3,1.0,0.5,300,84,0.28,0.23221820291536688,0.3333449062836369,31.346666666666668,25.67418355520405,43.53703703703704
S3,1.0,0.75,300,297,0.99,0.9710159953649371,0.9965934432372818,0.31,3.2365853842951178,31.0
S3,1.0,1.0,300,300,1.0,0.9873565700022643,0.9999999999999999,0.0,0.0,nan
S3,1.5,0.0,300,0,0.0,0.0,0.012643429997735661,29.476666666666667,2.095413582684147,29.476666666666667
S3,1.5,0.25,300,0,0.0,0.0,0.012643429997735661,40.99333333333333,12.106824779562654,40.99333333333333
S3,1.5,0.5,300,92,0.30666666666666664,0.25720490495572185,0.36101722131006925,30.986666666666668,25.12816290124543,44.69230769230769
S3,1.5,0.75,300,296,0.9866666666666667,0.9662239391535502,0.9948031223153205,0.42,3.8747445702845793,31.5
S3,1.5,1.0,300,300,1.0,0.9873565700022643,0.9999999999999999,0.0,0.0,nan
S3,2.0,0.0,300,0,0.0,0.0,0.012643429997735661,29.58,2.2435936295554817,29.58
S3,2.0,0.25,300,0,0.0,0.0,0.012643429997735661,41.266666666666666,11.327692215332592,41.266666666666666
S3,2.0,0.5,300,105,0.35,0.2982310964752725,0.4055619325240481,28.786666666666665,25.65101174549353,44.287179487179486
S3,2.0,0.75,300,297,0.99,0.9710159953649371,0.9965934432372818,0.6066666666666667,6.240869361730745,60.666666666666664
S3,2.0,1.0,300,300,1.0,0.9873565700022643,0.9999999999999999,0.0,0.0,nan
S4,0.0,0.0,300,300,1.0,0.9873565700022643,0.9999999999999999,0.0,0.0,nan
S4,0.0,0.25,300,291,0.97,0.943976849008093,0.9841383267940355,0.7633333333333333,4.804609223254565,25.444444444444443
S4,0.0,0.5,300,300,1.0,0.9873565700022643,0.9999999999999999,0.0,0.0,nan
S4,0.0,0.75,300,300,1.0,0.9873565700022643,0.9999999999999999,0.0,0.0,nan
S4,0.0,1.0,300,300,1.0,0.9873565700022643,0.9999999999999999,0.0,0.0,nan
S4,0.5,0.0,300,0,0.0,0.0,0.012643429997735661,38.653333333333336,2.067382189941306,38.653333333333336
S4,0.5,0.25,300,0,0.0,0.0,0.012643429997735661,45.93,13.253828878218942,45.93
S4,0.5,0.5,300,4,0.013333333333333334,0.005196877684679467,0.03377606084644991,48.81333333333333,19.117795966873175,49.472972972972975
S4,0.5,0.75,300,211,0.7033333333333334,0.649335553589633,0.7521894515446212,15.833333333333334,27.394776902919983,53.37078651685393
S4,0.5,1.0,300,299,0.9966666666666667,0.9813628354450568,0.9994113574238592,0.23666666666666666,4.099186911246344,71.0
S4,1.0,0.0,300,0,0.0,0.0,0.012643429997735661,37.92666666666667,1.9149007909077045,37.92666666666667
S4,1.0,0.25,300,0,0.0,0.0,0.012643429997735661,47.53333333333333,12.200754769495758,47.53333333333333
S4,1.0,0.5,300,16,0.05333333333333334,0.03309162538404202,0.08486983874726851,48.55,22.763598971320203,51.28521126760563
S4,1.0,0.75,300,249,0.83,0.7833848085580865,0.8682705276434078,8.456666666666667,20.885292441255036,49.745098039215684
S4,1.0,1.0,300,300,1.0,0.9873565700022643,0.9999999999999999,0.0,0.0,nan
S4,1.5,0.0,300,0,0.0,0.0,0.012643429997735661,38.10666666666667,1.9428168587675114,38.10666666666667
S4,1.5,0.25,300,0,0.0,0.0,0.012643429997735661,45.25333333333333,12.363873724165602,45.25333333333333
S4,1.5,0.5,300,10,0.03333333333333333,0.018204749873650852,0.0602624514575691,47.93666666666667,21.072878531124168,49.58965517241379
S4,1.5,0.75,300,235,0.7833333333333333,0.7332891734257104,0.826212882908906,10.323333333333334,21.633743359113375,47.646153846153844
S4,1.5,1.0,300,300,1.0,0.9873565700022643,0.9999999999999999,0.0,0.0,nan
S4,2.0,0.0,300,0,0.0,0.0,0.012643429997735661,38.18333333333333,1.8167896514679842,38.18333333333333
S4,2.0,0.25,300,0,0.0,0.0,0.012643429997735661,47.24333333333333,13.398102579519483,47.24333333333333
S4,2.0,0.5,300,11,0.03666666666666667,0.02059509146818067,0.06445448699638771,47.873333333333335,21.08520591751879,49.69550173010381
S4,2.0,0.75,300,254,0.8466666666666667,0.8015330360133669,0.8830341858548697,8.763333333333334,22.761097235857413,57.15217391304348
S4,2.0,1.0,300,300,1.0,0.9873565700022643,0.9999999999999999,0.0,0.0,nan
